Date,Incident Number
2003-11-07,199
2003-11-08,254
2003-11-09,240
2003-11-10,239
2003-11-11,179
2003-11-12,215
2003-11-13,201
2003-11-14,214
2003-11-15,196
2003-11-16,191
2003-11-17,236
2003-11-18,242
2003-11-19,253
2003-11-20,224
2003-11-21,213
2003-11-22,214
2003-11-23,199
2003-11-24,227
2003-11-25,222
2003-11-26,213
2003-11-27,201
2003-11-28,177
2003-11-29,202
2003-11-30,200
2003-12-01,235
2003-12-02,224
2003-12-03,229
2003-12-04,238
2003-12-05,248
2003-12-06,228
2003-12-07,213
2003-12-08,209
2003-12-09,221
2003-12-10,210
2003-12-11,204
2003-12-12,211
2003-12-13,217
2003-12-14,192
2003-12-15,197
2003-12-16,196
2003-12-17,194
2003-12-18,200
2003-12-19,248
2003-12-20,188
2003-12-21,197
2003-12-22,197
2003-12-23,217
2003-12-24,216
2003-12-25,168
2003-12-26,165
2003-12-27,212
2003-12-28,177
2003-12-29,203
2003-12-30,189
2003-12-31,209
2004-01-01,222
2004-01-02,224
2004-01-03,202
2004-01-04,267
2004-01-05,262
2004-01-06,304
2004-01-07,367
2004-01-08,239
2004-01-09,255
2004-01-10,217
2004-01-11,187
2004-01-12,195
2004-01-13,206
2004-01-14,206
2004-01-15,210
2004-01-16,190
2004-01-17,186
2004-01-18,176
2004-01-19,175
2004-01-20,190
2004-01-21,197
2004-01-22,196
2004-01-23,198
2004-01-24,185
2004-01-25,193
2004-01-26,195
2004-01-27,184
2004-01-28,198
2004-01-29,197
2004-01-30,183
2004-01-31,193
2004-02-01,201
2004-02-02,205
2004-02-03,219
2004-02-04,224
2004-02-05,211
2004-02-06,216
2004-02-07,196
2004-02-08,192
2004-02-09,222
2004-02-10,192
2004-02-11,207
2004-02-12,215
2004-02-13,221
2004-02-14,188
2004-02-15,191
2004-02-16,169
2004-02-17,194
2004-02-18,181
2004-02-19,195
2004-02-20,206
2004-02-21,208
2004-02-22,203
2004-02-23,203
2004-02-24,164
2004-02-25,207
2004-02-26,174
2004-02-27,204
2004-02-28,204
2004-02-29,203
2004-03-01,212
2004-03-02,212
2004-03-03,209
2004-03-04,237
2004-03-05,204
2004-03-06,213
2004-03-07,199
2004-03-08,229
2004-03-09,231
2004-03-10,223
2004-03-11,206
2004-03-12,223
2004-03-13,212
2004-03-14,159
2004-03-15,201
2004-03-16,185
2004-03-17,201
2004-03-18,206
2004-03-19,195
2004-03-20,213
2004-03-21,200
2004-03-22,208
2004-03-23,205
2004-03-24,207
2004-03-25,170
2004-03-26,239
2004-03-27,184
2004-03-28,205
2004-03-29,234
2004-03-30,205
2004-03-31,200
2004-04-01,185
2004-04-02,235
2004-04-03,222
2004-04-04,200
2004-04-05,197
2004-04-06,202
2004-04-07,199
2004-04-08,188
2004-04-09,212
2004-04-10,183
2004-04-11,212
2004-04-12,204
2004-04-13,224
2004-04-14,197
2004-04-15,202
2004-04-16,225
2004-04-17,192
2004-04-18,183
2004-04-19,199
2004-04-20,170
2004-04-21,216
2004-04-22,200
2004-04-23,183
2004-04-24,211
2004-04-25,198
2004-04-26,200
2004-04-27,197
2004-04-28,200
2004-04-29,231
2004-04-30,251
2004-05-01,232
2004-05-02,209
2004-05-03,214
2004-05-04,238
2004-05-05,225
2004-05-06,210
2004-05-07,204
2004-05-08,225
2004-05-09,194
2004-05-10,202
2004-05-11,185
2004-05-12,197
2004-05-13,242
2004-05-14,217
2004-05-15,224
2004-05-16,190
2004-05-17,230
2004-05-18,204
2004-05-19,207
2004-05-20,174
2004-05-21,222
2004-05-22,218
2004-05-23,218
2004-05-24,196
2004-05-25,199
2004-05-26,206
2004-05-27,199
2004-05-28,215
2004-05-29,176
2004-05-30,164
2004-05-31,158
2004-06-01,190
2004-06-02,214
2004-06-03,219
2004-06-04,262
2004-06-05,232
2004-06-06,216
2004-06-07,225
2004-06-08,254
2004-06-09,201
2004-06-10,199
2004-06-11,236
2004-06-12,202
2004-06-13,192
2004-06-14,197
2004-06-15,220
2004-06-16,201
2004-06-17,236
2004-06-18,253
2004-06-19,245
2004-06-20,273
2004-06-21,240
2004-06-22,250
2004-06-23,252
2004-06-24,227
2004-06-25,245
2004-06-26,226
2004-06-27,250
2004-06-28,218
2004-06-29,214
2004-06-30,250
2004-07-01,240
2004-07-02,251
2004-07-03,212
2004-07-04,281
2004-07-05,251
2004-07-06,267
2004-07-07,240
2004-07-08,212
2004-07-09,204
2004-07-10,212
2004-07-11,222
2004-07-12,238
2004-07-13,240
2004-07-14,254
2004-07-15,236
2004-07-16,234
2004-07-17,262
2004-07-18,251
2004-07-19,230
2004-07-20,200
2004-07-21,237
2004-07-22,250
2004-07-23,302
2004-07-24,329
2004-07-25,239
2004-07-26,218
2004-07-27,231
2004-07-28,230
2004-07-29,226
2004-07-30,213
2004-07-31,250
2004-08-01,229
2004-08-02,229
2004-08-03,215
2004-08-04,268
2004-08-05,270
2004-08-06,255
2004-08-07,237
2004-08-08,217
2004-08-09,220
2004-08-10,247
2004-08-11,229
2004-08-12,254
2004-08-13,272
2004-08-14,247
2004-08-15,245
2004-08-16,218
2004-08-17,237
2004-08-18,225
2004-08-19,225
2004-08-20,262
2004-08-21,216
2004-08-22,220
2004-08-23,193
2004-08-24,200
2004-08-25,229
2004-08-26,240
2004-08-27,230
2004-08-28,240
2004-08-29,213
2004-08-30,247
2004-08-31,214
2004-09-01,216
2004-09-02,209
2004-09-03,228
2004-09-04,208
2004-09-05,233
2004-09-06,199
2004-09-07,248
2004-09-08,253
2004-09-09,233
2004-09-10,242
2004-09-11,203
2004-09-12,210
2004-09-13,209
2004-09-14,230
2004-09-15,208
2004-09-16,223
2004-09-17,217
2004-09-18,208
2004-09-19,208
2004-09-20,202
2004-09-21,231
2004-09-22,219
2004-09-23,214
2004-09-24,228
2004-09-25,214
2004-09-26,183
2004-09-27,227
2004-09-28,229
2004-09-29,220
2004-09-30,232
2004-10-01,261
2004-10-02,244
2004-10-03,189
2004-10-04,261
2004-10-05,241
2004-10-06,179
2004-10-07,213
2004-10-08,235
2004-10-09,190
2004-10-10,198
2004-10-11,202
2004-10-12,189
2004-10-13,230
2004-10-14,207
2004-10-15,214
2004-10-16,222
2004-10-17,174
2004-10-18,191
2004-10-19,234
2004-10-20,212
2004-10-21,219
2004-10-22,213
2004-10-23,193
2004-10-24,208
2004-10-25,243
2004-10-26,200
2004-10-27,216
2004-10-28,230
2004-10-29,230
2004-10-30,226
2004-10-31,234
2004-11-01,202
2004-11-02,219
2004-11-03,221
2004-11-04,256
2004-11-05,217
2004-11-06,224
2004-11-07,202
2004-11-08,185
2004-11-09,178
2004-11-10,214
2004-11-11,172
2004-11-12,206
2004-11-13,193
2004-11-14,183
2004-11-15,216
2004-11-16,205
2004-11-17,230
2004-11-18,183
2004-11-19,215
2004-11-20,223
2004-11-21,221
2004-11-22,194
2004-11-23,208
2004-11-24,220
2004-11-25,187
2004-11-26,188
2004-11-27,168
2004-11-28,190
2004-11-29,188
2004-11-30,199
2004-12-01,219
2004-12-02,232
2004-12-03,230
2004-12-04,208
2004-12-05,194
2004-12-06,226
2004-12-07,224
2004-12-08,227
2004-12-09,242
2004-12-10,272
2004-12-11,196
2004-12-12,163
2004-12-13,263
2004-12-14,198
2004-12-15,225
2004-12-16,200
2004-12-17,213
2004-12-18,233
2004-12-19,220
2004-12-20,226
2004-12-21,178
2004-12-22,195
2004-12-23,200
2004-12-24,222
2004-12-25,172
2004-12-26,170
2004-12-27,223
2004-12-28,203
2004-12-29,221
2004-12-30,216
2004-12-31,221
2005-01-01,254
2005-01-02,178
2005-01-03,213
2005-01-04,190
2005-01-05,222
2005-01-06,208
2005-01-07,210
2005-01-08,229
2005-01-09,183
2005-01-10,228
2005-01-11,197
2005-01-12,223
2005-01-13,223
2005-01-14,228
2005-01-15,214
2005-01-16,187
2005-01-17,189
2005-01-18,259
2005-01-19,272
2005-01-20,220
2005-01-21,233
2005-01-22,230
2005-01-23,202
2005-01-24,233
2005-01-25,201
2005-01-26,227
2005-01-27,221
2005-01-28,270
2005-01-29,178
2005-01-30,217
2005-01-31,220
2005-02-01,190
2005-02-02,217
2005-02-03,232
2005-02-04,221
2005-02-05,228
2005-02-06,167
2005-02-07,218
2005-02-08,212
2005-02-09,203
2005-02-10,228
2005-02-11,236
2005-02-12,201
2005-02-13,187
2005-02-14,207
2005-02-15,231
2005-02-16,225
2005-02-17,223
2005-02-18,235
2005-02-19,209
2005-02-20,188
2005-02-21,177
2005-02-22,205
2005-02-23,225
2005-02-24,226
2005-02-25,239
2005-02-26,243
2005-02-27,212
2005-02-28,225
2005-03-01,215
2005-03-02,218
2005-03-03,227
2005-03-04,211
2005-03-05,219
2005-03-06,204
2005-03-07,230
2005-03-08,215
2005-03-09,233
2005-03-10,192
2005-03-11,212
2005-03-12,224
2005-03-13,198
2005-03-14,220
2005-03-15,193
2005-03-16,177
2005-03-17,191
2005-03-18,233
2005-03-19,249
2005-03-20,209
2005-03-21,193
2005-03-22,216
2005-03-23,208
2005-03-24,216
2005-03-25,206
2005-03-26,215
2005-03-27,179
2005-03-28,193
2005-03-29,195
2005-03-30,199
2005-03-31,206
2005-04-01,210
2005-04-02,218
2005-04-03,186
2005-04-04,214
2005-04-05,212
2005-04-06,229
2005-04-07,191
2005-04-08,185
2005-04-09,207
2005-04-10,175
2005-04-11,214
2005-04-12,223
2005-04-13,233
2005-04-14,211
2005-04-15,239
2005-04-16,193
2005-04-17,177
2005-04-18,219
2005-04-19,222
2005-04-20,228
2005-04-21,194
2005-04-22,235
2005-04-23,214
2005-04-24,186
2005-04-25,226
2005-04-26,228
2005-04-27,213
2005-04-28,200
2005-04-29,214
2005-04-30,216
2005-05-01,219
2005-05-02,222
2005-05-03,234
2005-05-04,225
2005-05-05,221
2005-05-06,227
2005-05-07,221
2005-05-08,213
2005-05-09,211
2005-05-10,193
2005-05-11,159
2005-05-12,228
2005-05-13,225
2005-05-14,221
2005-05-15,185
2005-05-16,224
2005-05-17,224
2005-05-18,211
2005-05-19,210
2005-05-20,257
2005-05-21,232
2005-05-22,194
2005-05-23,208
2005-05-24,229
2005-05-25,243
2005-05-26,248
2005-05-27,263
2005-05-28,247
2005-05-29,203
2005-05-30,199
2005-05-31,210
2005-06-01,177
2005-06-02,213
2005-06-03,206
2005-06-04,226
2005-06-05,205
2005-06-06,209
2005-06-07,214
2005-06-08,204
2005-06-09,213
2005-06-10,230
2005-06-11,208
2005-06-12,200
2005-06-13,196
2005-06-14,204
2005-06-15,219
2005-06-16,212
2005-06-17,211
2005-06-18,227
2005-06-19,217
2005-06-20,235
2005-06-21,226
2005-06-22,221
2005-06-23,246
2005-06-24,243
2005-06-25,163
2005-06-26,201
2005-06-27,176
2005-06-28,202
2005-06-29,236
2005-06-30,201
2005-07-01,226
2005-07-02,238
2005-07-03,236
2005-07-04,266
2005-07-05,237
2005-07-06,225
2005-07-07,216
2005-07-08,223
2005-07-09,277
2005-07-10,228
2005-07-11,214
2005-07-12,215
2005-07-13,210
2005-07-14,218
2005-07-15,231
2005-07-16,224
2005-07-17,204
2005-07-18,257
2005-07-19,212
2005-07-20,208
2005-07-21,201
2005-07-22,258
2005-07-23,215
2005-07-24,193
2005-07-25,217
2005-07-26,246
2005-07-27,253
2005-07-28,215
2005-07-29,222
2005-07-30,270
2005-07-31,247
2005-08-01,224
2005-08-02,210
2005-08-03,262
2005-08-04,225
2005-08-05,273
2005-08-06,223
2005-08-07,238
2005-08-08,215
2005-08-09,221
2005-08-10,200
2005-08-11,240
2005-08-12,262
2005-08-13,235
2005-08-14,209
2005-08-15,241
2005-08-16,205
2005-08-17,244
2005-08-18,237
2005-08-19,237
2005-08-20,226
2005-08-21,243
2005-08-22,223
2005-08-23,222
2005-08-24,261
2005-08-25,198
2005-08-26,245
2005-08-27,257
2005-08-28,229
2005-08-29,213
2005-08-30,200
2005-08-31,210
2005-09-01,232
2005-09-02,230
2005-09-03,220
2005-09-04,240
2005-09-05,201
2005-09-06,259
2005-09-07,245
2005-09-08,233
2005-09-09,208
2005-09-10,247
2005-09-11,197
2005-09-12,204
2005-09-13,225
2005-09-14,216
2005-09-15,205
2005-09-16,265
2005-09-17,242
2005-09-18,213
2005-09-19,222
2005-09-20,211
2005-09-21,234
2005-09-22,206
2005-09-23,237
2005-09-24,256
2005-09-25,215
2005-09-26,214
2005-09-27,205
2005-09-28,243
2005-09-29,253
2005-09-30,220
2005-10-01,238
2005-10-02,246
2005-10-03,231
2005-10-04,246
2005-10-05,202
2005-10-06,240
2005-10-07,233
2005-10-08,224
2005-10-09,211
2005-10-10,226
2005-10-11,206
2005-10-12,204
2005-10-13,211
2005-10-14,237
2005-10-15,217
2005-10-16,209
2005-10-17,216
2005-10-18,204
2005-10-19,211
2005-10-20,203
2005-10-21,245
2005-10-22,246
2005-10-23,211
2005-10-24,211
2005-10-25,205
2005-10-26,207
2005-10-27,217
2005-10-28,201
2005-10-29,234
2005-10-30,217
2005-10-31,193
2005-11-01,251
2005-11-02,204
2005-11-03,227
2005-11-04,273
2005-11-05,227
2005-11-06,224
2005-11-07,195
2005-11-08,153
2005-11-09,205
2005-11-10,215
2005-11-11,181
2005-11-12,210
2005-11-13,189
2005-11-14,179
2005-11-15,203
2005-11-16,214
2005-11-17,229
2005-11-18,207
2005-11-19,216
2005-11-20,209
2005-11-21,203
2005-11-22,217
2005-11-23,200
2005-11-24,187
2005-11-25,234
2005-11-26,192
2005-11-27,185
2005-11-28,231
2005-11-29,184
2005-11-30,217
2005-12-01,228
2005-12-02,232
2005-12-03,241
2005-12-04,212
2005-12-05,226
2005-12-06,182
2005-12-07,205
2005-12-08,219
2005-12-09,218
2005-12-10,210
2005-12-11,196
2005-12-12,195
2005-12-13,235
2005-12-14,198
2005-12-15,213
2005-12-16,228
2005-12-17,252
2005-12-18,219
2005-12-19,213
2005-12-20,225
2005-12-21,192
2005-12-22,225
2005-12-23,245
2005-12-24,256
2005-12-25,229
2005-12-26,194
2005-12-27,220
2005-12-28,191
2005-12-29,203
2005-12-30,235
2005-12-31,221
2006-01-01,275
2006-01-02,179
2006-01-03,233
2006-01-04,222
2006-01-05,216
2006-01-06,236
2006-01-07,211
2006-01-08,168
2006-01-09,225
2006-01-10,242
2006-01-11,225
2006-01-12,236
2006-01-13,214
2006-01-14,225
2006-01-15,173
2006-01-16,187
2006-01-17,211
2006-01-18,215
2006-01-19,221
2006-01-20,224
2006-01-21,199
2006-01-22,228
2006-01-23,189
2006-01-24,203
2006-01-25,191
2006-01-26,180
2006-01-27,229
2006-01-28,217
2006-01-29,195
2006-01-30,200
2006-01-31,194
2006-02-01,213
2006-02-02,228
2006-02-03,224
2006-02-04,266
2006-02-05,209
2006-02-06,218
2006-02-07,218
2006-02-08,242
2006-02-09,198
2006-02-10,236
2006-02-11,211
2006-02-12,211
2006-02-13,191
2006-02-14,209
2006-02-15,138
2006-02-16,227
2006-02-17,284
2006-02-18,261
2006-02-19,215
2006-02-20,191
2006-02-21,200
2006-02-22,209
2006-02-23,221
2006-02-24,232
2006-02-25,198
2006-02-26,218
2006-02-27,249
2006-02-28,219
2006-03-01,253
2006-03-02,222
2006-03-03,233
2006-03-04,209
2006-03-05,201
2006-03-06,194
2006-03-07,193
2006-03-08,215
2006-03-09,218
2006-03-10,229
2006-03-11,206
2006-03-12,206
2006-03-13,241
2006-03-14,202
2006-03-15,193
2006-03-16,199
2006-03-17,223
2006-03-18,218
2006-03-19,219
2006-03-20,208
2006-03-21,216
2006-03-22,216
2006-03-23,190
2006-03-24,211
2006-03-25,203
2006-03-26,172
2006-03-27,224
2006-03-28,211
2006-03-29,235
2006-03-30,225
2006-03-31,236
2006-04-01,207
2006-04-02,185
2006-04-03,246
2006-04-04,245
2006-04-05,277
2006-04-06,224
2006-04-07,196
2006-04-08,222
2006-04-09,217
2006-04-10,222
2006-04-11,201
2006-04-12,194
2006-04-13,231
2006-04-14,209
2006-04-15,207
2006-04-16,184
2006-04-17,213
2006-04-18,212
2006-04-19,231
2006-04-20,222
2006-04-21,212
2006-04-22,224
2006-04-23,240
2006-04-24,242
2006-04-25,215
2006-04-26,214
2006-04-27,226
2006-04-28,238
2006-04-29,221
2006-04-30,190
2006-05-01,207
2006-05-02,187
2006-05-03,231
2006-05-04,254
2006-05-05,203
2006-05-06,229
2006-05-07,166
2006-05-08,226
2006-05-09,224
2006-05-10,224
2006-05-11,225
2006-05-12,224
2006-05-13,244
2006-05-14,221
2006-05-15,244
2006-05-16,271
2006-05-17,247
2006-05-18,244
2006-05-19,211
2006-05-20,241
2006-05-21,236
2006-05-22,236
2006-05-23,227
2006-05-24,221
2006-05-25,270
2006-05-26,231
2006-05-27,239
2006-05-28,207
2006-05-29,179
2006-05-30,224
2006-05-31,243
2006-06-01,226
2006-06-02,246
2006-06-03,256
2006-06-04,239
2006-06-05,235
2006-06-06,249
2006-06-07,218
2006-06-08,242
2006-06-09,259
2006-06-10,246
2006-06-11,235
2006-06-12,248
2006-06-13,207
2006-06-14,237
2006-06-15,213
2006-06-16,241
2006-06-17,226
2006-06-18,225
2006-06-19,212
2006-06-20,225
2006-06-21,228
2006-06-22,199
2006-06-23,246
2006-06-24,258
2006-06-25,250
2006-06-26,276
2006-06-27,251
2006-06-28,228
2006-06-29,262
2006-06-30,272
2006-07-01,264
2006-07-02,259
2006-07-03,274
2006-07-04,267
2006-07-05,277
2006-07-06,226
2006-07-07,245
2006-07-08,258
2006-07-09,265
2006-07-10,243
2006-07-11,258
2006-07-12,225
2006-07-13,227
2006-07-14,251
2006-07-15,233
2006-07-16,249
2006-07-17,211
2006-07-18,214
2006-07-19,251
2006-07-20,253
2006-07-21,318
2006-07-22,295
2006-07-23,283
2006-07-24,319
2006-07-25,269
2006-07-26,253
2006-07-27,261
2006-07-28,238
2006-07-29,232
2006-07-30,208
2006-07-31,234
2006-08-01,240
2006-08-02,219
2006-08-03,239
2006-08-04,279
2006-08-05,246
2006-08-06,246
2006-08-07,264
2006-08-08,225
2006-08-09,226
2006-08-10,259
2006-08-11,224
2006-08-12,239
2006-08-13,211
2006-08-14,243
2006-08-15,234
2006-08-16,228
2006-08-17,215
2006-08-18,230
2006-08-19,262
2006-08-20,236
2006-08-21,224
2006-08-22,217
2006-08-23,224
2006-08-24,226
2006-08-25,242
2006-08-26,255
2006-08-27,254
2006-08-28,244
2006-08-29,237
2006-08-30,231
2006-08-31,211
2006-09-01,271
2006-09-02,274
2006-09-03,268
2006-09-04,223
2006-09-05,223
2006-09-06,244
2006-09-07,224
2006-09-08,234
2006-09-09,224
2006-09-10,206
2006-09-11,251
2006-09-12,252
2006-09-13,218
2006-09-14,226
2006-09-15,228
2006-09-16,228
2006-09-17,208
2006-09-18,227
2006-09-19,216
2006-09-20,200
2006-09-21,205
2006-09-22,198
2006-09-23,223
2006-09-24,231
2006-09-25,254
2006-09-26,250
2006-09-27,256
2006-09-28,236
2006-09-29,260
2006-09-30,219
2006-10-01,208
2006-10-02,241
2006-10-03,219
2006-10-04,226
2006-10-05,231
2006-10-06,209
2006-10-07,224
2006-10-08,217
2006-10-09,221
2006-10-10,227
2006-10-11,216
2006-10-12,230
2006-10-13,232
2006-10-14,237
2006-10-15,197
2006-10-16,194
2006-10-17,207
2006-10-18,251
2006-10-19,245
2006-10-20,221
2006-10-21,236
2006-10-22,211
2006-10-23,194
2006-10-24,205
2006-10-25,197
2006-10-26,199
2006-10-27,227
2006-10-28,234
2006-10-29,228
2006-10-30,215
2006-10-31,225
2006-11-01,220
2006-11-02,256
2006-11-03,277
2006-11-04,234
2006-11-05,202
2006-11-06,287
2006-11-07,252
2006-11-08,197
2006-11-09,199
2006-11-10,234
2006-11-11,198
2006-11-12,190
2006-11-13,211
2006-11-14,201
2006-11-15,216
2006-11-16,203
2006-11-17,216
2006-11-18,208
2006-11-19,199
2006-11-20,197
2006-11-21,227
2006-11-22,213
2006-11-23,207
2006-11-24,169
2006-11-25,205
2006-11-26,236
2006-11-27,223
2006-11-28,236
2006-11-29,275
2006-11-30,265
2006-12-01,234
2006-12-02,233
2006-12-03,201
2006-12-04,195
2006-12-05,190
2006-12-06,234
2006-12-07,231
2006-12-08,241
2006-12-09,242
2006-12-10,228
2006-12-11,239
2006-12-12,228
2006-12-13,237
2006-12-14,344
2006-12-15,203
2006-12-16,297
2006-12-17,264
2006-12-18,260
2006-12-19,235
2006-12-20,239
2006-12-21,221
2006-12-22,204
2006-12-23,231
2006-12-24,199
2006-12-25,187
2006-12-26,180
2006-12-27,212
2006-12-28,224
2006-12-29,219
2006-12-30,211
2006-12-31,221
2007-01-01,237
2007-01-02,202
2007-01-03,220
2007-01-04,226
2007-01-05,272
2007-01-06,225
2007-01-07,209
2007-01-08,198
2007-01-09,221
2007-01-10,218
2007-01-11,233
2007-01-12,225
2007-01-13,203
2007-01-14,219
2007-01-15,206
2007-01-16,203
2007-01-17,217
2007-01-18,184
2007-01-19,233
2007-01-20,203
2007-01-21,182
2007-01-22,194
2007-01-23,223
2007-01-24,205
2007-01-25,225
2007-01-26,199
2007-01-27,215
2007-01-28,187
2007-01-29,214
2007-01-30,200
2007-01-31,216
2007-02-01,233
2007-02-02,220
2007-02-03,233
2007-02-04,244
2007-02-05,229
2007-02-06,234
2007-02-07,232
2007-02-08,219
2007-02-09,228
2007-02-10,204
2007-02-11,193
2007-02-12,200
2007-02-13,207
2007-02-14,187
2007-02-15,247
2007-02-16,213
2007-02-17,242
2007-02-18,226
2007-02-19,179
2007-02-20,209
2007-02-21,218
2007-02-22,218
2007-02-23,184
2007-02-24,194
2007-02-25,175
2007-02-26,195
2007-02-27,216
2007-02-28,221
2007-03-01,194
2007-03-02,249
2007-03-03,198
2007-03-04,216
2007-03-05,231
2007-03-06,249
2007-03-07,220
2007-03-08,200
2007-03-09,233
2007-03-10,194
2007-03-11,190
2007-03-12,219
2007-03-13,187
2007-03-14,191
2007-03-15,215
2007-03-16,232
2007-03-17,198
2007-03-18,236
2007-03-19,232
2007-03-20,184
2007-03-21,194
2007-03-22,222
2007-03-23,214
2007-03-24,217
2007-03-25,229
2007-03-26,197
2007-03-27,206
2007-03-28,190
2007-03-29,202
2007-03-30,252
2007-03-31,251
2007-04-01,166
2007-04-02,232
2007-04-03,181
2007-04-04,234
2007-04-05,239
2007-04-06,256
2007-04-07,220
2007-04-08,173
2007-04-09,220
2007-04-10,192
2007-04-11,214
2007-04-12,219
2007-04-13,198
2007-04-14,199
2007-04-15,220
2007-04-16,190
2007-04-17,216
2007-04-18,207
2007-04-19,212
2007-04-20,252
2007-04-21,213
2007-04-22,208
2007-04-23,238
2007-04-24,199
2007-04-25,205
2007-04-26,218
2007-04-27,237
2007-04-28,235
2007-04-29,202
2007-04-30,215
2007-05-01,250
2007-05-02,226
2007-05-03,212
2007-05-04,255
2007-05-05,229
2007-05-06,202
2007-05-07,230
2007-05-08,220
2007-05-09,250
2007-05-10,251
2007-05-11,243
2007-05-12,236
2007-05-13,192
2007-05-14,205
2007-05-15,241
2007-05-16,198
2007-05-17,219
2007-05-18,243
2007-05-19,239
2007-05-20,218
2007-05-21,223
2007-05-22,246
2007-05-23,243
2007-05-24,240
2007-05-25,259
2007-05-26,187
2007-05-27,193
2007-05-28,187
2007-05-29,247
2007-05-30,238
2007-05-31,248
2007-06-01,238
2007-06-02,259
2007-06-03,260
2007-06-04,247
2007-06-05,210
2007-06-06,205
2007-06-07,224
2007-06-08,228
2007-06-09,202
2007-06-10,220
2007-06-11,223
2007-06-12,228
2007-06-13,215
2007-06-14,212
2007-06-15,251
2007-06-16,256
2007-06-17,207
2007-06-18,222
2007-06-19,219
2007-06-20,245
2007-06-21,269
2007-06-22,250
2007-06-23,229
2007-06-24,213
2007-06-25,212
2007-06-26,235
2007-06-27,217
2007-06-28,255
2007-06-29,234
2007-06-30,249
2007-07-01,260
2007-07-02,244
2007-07-03,279
2007-07-04,269
2007-07-05,301
2007-07-06,247
2007-07-07,231
2007-07-08,229
2007-07-09,234
2007-07-10,256
2007-07-11,308
2007-07-12,268
2007-07-13,273
2007-07-14,281
2007-07-15,269
2007-07-16,244
2007-07-17,216
2007-07-18,229
2007-07-19,235
2007-07-20,221
2007-07-21,251
2007-07-22,252
2007-07-23,251
2007-07-24,212
2007-07-25,226
2007-07-26,230
2007-07-27,232
2007-07-28,247
2007-07-29,233
2007-07-30,212
2007-07-31,231
2007-08-01,258
2007-08-02,249
2007-08-03,242
2007-08-04,257
2007-08-05,255
2007-08-06,214
2007-08-07,234
2007-08-08,212
2007-08-09,219
2007-08-10,217
2007-08-11,238
2007-08-12,204
2007-08-13,237
2007-08-14,248
2007-08-15,261
2007-08-16,244
2007-08-17,254
2007-08-18,222
2007-08-19,206
2007-08-20,230
2007-08-21,228
2007-08-22,210
2007-08-23,222
2007-08-24,248
2007-08-25,205
2007-08-26,198
2007-08-27,243
2007-08-28,249
2007-08-29,233
2007-08-30,225
2007-08-31,245
2007-09-01,250
2007-09-02,208
2007-09-03,209
2007-09-04,232
2007-09-05,215
2007-09-06,238
2007-09-07,239
2007-09-08,253
2007-09-09,242
2007-09-10,261
2007-09-11,237
2007-09-12,217
2007-09-13,228
2007-09-14,232
2007-09-15,224
2007-09-16,233
2007-09-17,224
2007-09-18,201
2007-09-19,219
2007-09-20,224
2007-09-21,256
2007-09-22,195
2007-09-23,244
2007-09-24,234
2007-09-25,230
2007-09-26,222
2007-09-27,242
2007-09-28,236
2007-09-29,218
2007-09-30,231
2007-10-01,222
2007-10-02,227
2007-10-03,234
2007-10-04,225
2007-10-05,234
2007-10-06,250
2007-10-07,211
2007-10-08,217
2007-10-09,236
2007-10-10,217
2007-10-11,227
2007-10-12,266
2007-10-13,236
2007-10-14,246
2007-10-15,193
2007-10-16,225
2007-10-17,217
2007-10-18,287
2007-10-19,247
2007-10-20,228
2007-10-21,228
2007-10-22,211
2007-10-23,211
2007-10-24,220
2007-10-25,197
2007-10-26,235
2007-10-27,196
2007-10-28,244
2007-10-29,199
2007-10-30,216
2007-10-31,202
2007-11-01,226
2007-11-02,246
2007-11-03,256
2007-11-04,199
2007-11-05,225
2007-11-06,248
2007-11-07,212
2007-11-08,208
2007-11-09,203
2007-11-10,253
2007-11-11,187
2007-11-12,213
2007-11-13,215
2007-11-14,211
2007-11-15,235
2007-11-16,214
2007-11-17,221
2007-11-18,194
2007-11-19,222
2007-11-20,193
2007-11-21,200
2007-11-22,183
2007-11-23,186
2007-11-24,210
2007-11-25,204
2007-11-26,240
2007-11-27,195
2007-11-28,208
2007-11-29,193
2007-11-30,239
2007-12-01,234
2007-12-02,206
2007-12-03,390
2007-12-04,217
2007-12-05,232
2007-12-06,218
2007-12-07,213
2007-12-08,237
2007-12-09,213
2007-12-10,206
2007-12-11,214
2007-12-12,253
2007-12-13,192
2007-12-14,237
2007-12-15,202
2007-12-16,186
2007-12-17,234
2007-12-18,219
2007-12-19,265
2007-12-20,213
2007-12-21,199
2007-12-22,205
2007-12-23,215
2007-12-24,207
2007-12-25,138
2007-12-26,187
2007-12-27,199
2007-12-28,220
2007-12-29,202
2007-12-30,186
2007-12-31,213
2008-01-01,241
2008-01-02,211
2008-01-03,196
2008-01-04,204
2008-01-05,228
2008-01-06,211
2008-01-07,204
2008-01-08,245
2008-01-09,230
2008-01-10,186
2008-01-11,232
2008-01-12,210
2008-01-13,215
2008-01-14,199
2008-01-15,232
2008-01-16,215
2008-01-17,208
2008-01-18,227
2008-01-19,221
2008-01-20,198
2008-01-21,202
2008-01-22,253
2008-01-23,230
2008-01-24,228
2008-01-25,267
2008-01-26,224
2008-01-27,206
2008-01-28,195
2008-01-29,177
2008-01-30,199
2008-01-31,218
2008-02-01,223
2008-02-02,216
2008-02-03,216
2008-02-04,238
2008-02-05,208
2008-02-06,202
2008-02-07,222
2008-02-08,245
2008-02-09,234
2008-02-10,237
2008-02-11,222
2008-02-12,200
2008-02-13,192
2008-02-14,238
2008-02-15,209
2008-02-16,244
2008-02-17,204
2008-02-18,218
2008-02-19,213
2008-02-20,215
2008-02-21,237
2008-02-22,223
2008-02-23,231
2008-02-24,224
2008-02-25,223
2008-02-26,206
2008-02-27,200
2008-02-28,209
2008-02-29,242
2008-03-01,226
2008-03-02,206
2008-03-03,219
2008-03-04,223
2008-03-05,233
2008-03-06,199
2008-03-07,215
2008-03-08,239
2008-03-09,201
2008-03-10,234
2008-03-11,215
2008-03-12,204
2008-03-13,191
2008-03-14,222
2008-03-15,205
2008-03-16,202
2008-03-17,223
2008-03-18,95
2008-03-19,236
2008-03-20,216
2008-03-21,217
2008-03-22,213
2008-03-23,198
2008-03-24,239
2008-03-25,193
2008-03-26,181
2008-03-27,207
2008-03-28,242
2008-03-29,228
2008-03-30,207
2008-03-31,191
2008-04-01,217
2008-04-02,224
2008-04-03,248
2008-04-04,205
2008-04-05,204
2008-04-06,208
2008-04-07,257
2008-04-08,223
2008-04-09,207
2008-04-10,228
2008-04-11,238
2008-04-12,274
2008-04-13,197
2008-04-14,212
2008-04-15,197
2008-04-16,221
2008-04-17,203
2008-04-18,214
2008-04-19,198
2008-04-20,179
2008-04-21,213
2008-04-22,213
2008-04-23,202
2008-04-24,184
2008-04-25,223
2008-04-26,258
2008-04-27,219
2008-04-28,224
2008-04-29,198
2008-04-30,227
2008-05-01,215
2008-05-02,220
2008-05-03,233
2008-05-04,228
2008-05-05,226
2008-05-06,243
2008-05-07,199
2008-05-08,217
2008-05-09,210
2008-05-10,222
2008-05-11,213
2008-05-12,235
2008-05-13,236
2008-05-14,194
2008-05-15,230
2008-05-16,267
2008-05-17,312
2008-05-18,243
2008-05-19,235
2008-05-20,230
2008-05-21,238
2008-05-22,228
2008-05-23,220
2008-05-24,245
2008-05-25,242
2008-05-26,213
2008-05-27,223
2008-05-28,212
2008-05-29,224
2008-05-30,247
2008-05-31,235
2008-06-01,209
2008-06-02,224
2008-06-03,218
2008-06-04,222
2008-06-05,226
2008-06-06,229
2008-06-07,209
2008-06-08,176
2008-06-09,201
2008-06-10,223
2008-06-11,220
2008-06-12,201
2008-06-13,220
2008-06-14,221
2008-06-15,214
2008-06-16,235
2008-06-17,230
2008-06-18,249
2008-06-19,221
2008-06-20,280
2008-06-21,274
2008-06-22,174
2008-06-23,229
2008-06-24,209
2008-06-25,227
2008-06-26,233
2008-06-27,229
2008-06-28,259
2008-06-29,305
2008-06-30,289
2008-07-01,240
2008-07-02,233
2008-07-03,285
2008-07-04,231
2008-07-05,230
2008-07-06,201
2008-07-07,261
2008-07-08,250
2008-07-09,227
2008-07-10,216
2008-07-11,279
2008-07-12,288
2008-07-13,211
2008-07-14,235
2008-07-15,231
2008-07-16,225
2008-07-17,230
2008-07-18,241
2008-07-19,240
2008-07-20,246
2008-07-21,252
2008-07-22,228
2008-07-23,213
2008-07-24,210
2008-07-25,253
2008-07-26,219
2008-07-27,206
2008-07-28,213
2008-07-29,213
2008-07-30,206
2008-07-31,223
2008-08-01,230
2008-08-02,254
2008-08-03,249
2008-08-04,270
2008-08-05,266
2008-08-06,241
2008-08-07,267
2008-08-08,241
2008-08-09,227
2008-08-10,207
2008-08-11,252
2008-08-12,248
2008-08-13,232
2008-08-14,256
2008-08-15,261
2008-08-16,286
2008-08-17,271
2008-08-18,228
2008-08-19,215
2008-08-20,208
2008-08-21,234
2008-08-22,243
2008-08-23,240
2008-08-24,201
2008-08-25,209
2008-08-26,212
2008-08-27,207
2008-08-28,211
2008-08-29,233
2008-08-30,214
2008-08-31,203
2008-09-01,188
2008-09-02,228
2008-09-03,233
2008-09-04,199
2008-09-05,214
2008-09-06,212
2008-09-07,192
2008-09-08,223
2008-09-09,228
2008-09-10,240
2008-09-11,237
2008-09-12,243
2008-09-13,247
2008-09-14,237
2008-09-15,226
2008-09-16,232
2008-09-17,213
2008-09-18,208
2008-09-19,229
2008-09-20,244
2008-09-21,200
2008-09-22,227
2008-09-23,218
2008-09-24,203
2008-09-25,192
2008-09-26,226
2008-09-27,247
2008-09-28,232
2008-09-29,229
2008-09-30,197
2008-10-01,224
2008-10-02,227
2008-10-03,276
2008-10-04,271
2008-10-05,200
2008-10-06,205
2008-10-07,225
2008-10-08,225
2008-10-09,221
2008-10-10,213
2008-10-11,216
2008-10-12,209
2008-10-13,206
2008-10-14,211
2008-10-15,207
2008-10-16,189
2008-10-17,240
2008-10-18,230
2008-10-19,195
2008-10-20,210
2008-10-21,236
2008-10-22,236
2008-10-23,194
2008-10-24,244
2008-10-25,202
2008-10-26,207
2008-10-27,199
2008-10-28,227
2008-10-29,242
2008-10-30,189
2008-10-31,250
2008-11-01,270
2008-11-02,199
2008-11-03,200
2008-11-04,237
2008-11-05,225
2008-11-06,250
2008-11-07,240
2008-11-08,247
2008-11-09,182
2008-11-10,207
2008-11-11,177
2008-11-12,254
2008-11-13,204
2008-11-14,219
2008-11-15,267
2008-11-16,206
2008-11-17,218
2008-11-18,216
2008-11-19,209
2008-11-20,196
2008-11-21,209
2008-11-22,199
2008-11-23,203
2008-11-24,247
2008-11-25,218
2008-11-26,233
2008-11-27,193
2008-11-28,181
2008-11-29,201
2008-11-30,199
2008-12-01,222
2008-12-02,205
2008-12-03,204
2008-12-04,228
2008-12-05,220
2008-12-06,219
2008-12-07,226
2008-12-08,195
2008-12-09,200
2008-12-10,214
2008-12-11,200
2008-12-12,218
2008-12-13,231
2008-12-14,245
2008-12-15,236
2008-12-16,218
2008-12-17,215
2008-12-18,314
2008-12-19,303
2008-12-20,309
2008-12-21,318
2008-12-22,319
2008-12-23,284
2008-12-24,263
2008-12-25,223
2008-12-26,210
2008-12-27,187
2008-12-28,209
2008-12-29,208
2008-12-30,230
2008-12-31,221
2009-01-01,259
2009-01-02,182
2009-01-03,223
2009-01-04,233
2009-01-05,234
2009-01-06,215
2009-01-07,227
2009-01-08,194
2009-01-09,225
2009-01-10,241
2009-01-11,204
2009-01-12,211
2009-01-13,212
2009-01-14,199
2009-01-15,190
2009-01-16,218
2009-01-17,210
2009-01-18,204
2009-01-19,187
2009-01-20,187
2009-01-21,185
2009-01-22,202
2009-01-23,214
2009-01-24,203
2009-01-25,218
2009-01-26,211
2009-01-27,216
2009-01-28,191
2009-01-29,191
2009-01-30,211
2009-01-31,220
2009-02-01,187
2009-02-02,196
2009-02-03,205
2009-02-04,234
2009-02-05,206
2009-02-06,187
2009-02-07,212
2009-02-08,184
2009-02-09,224
2009-02-10,169
2009-02-11,240
2009-02-12,253
2009-02-13,233
2009-02-14,202
2009-02-15,190
2009-02-16,183
2009-02-17,193
2009-02-18,223
2009-02-19,210
2009-02-20,190
2009-02-21,220
2009-02-22,196
2009-02-23,213
2009-02-24,201
2009-02-25,183
2009-02-26,202
2009-02-27,216
2009-02-28,237
2009-03-01,205
2009-03-02,213
2009-03-03,248
2009-03-04,216
2009-03-05,212
2009-03-06,200
2009-03-07,183
2009-03-08,172
2009-03-09,241
2009-03-10,205
2009-03-11,236
2009-03-12,228
2009-03-13,213
2009-03-14,175
2009-03-15,207
2009-03-16,208
2009-03-17,220
2009-03-18,221
2009-03-19,224
2009-03-20,230
2009-03-21,202
2009-03-22,205
2009-03-23,203
2009-03-24,204
2009-03-25,200
2009-03-26,199
2009-03-27,212
2009-03-28,187
2009-03-29,194
2009-03-30,171
2009-03-31,210
2009-04-01,225
2009-04-02,218
2009-04-03,217
2009-04-04,226
2009-04-05,224
2009-04-06,239
2009-04-07,217
2009-04-08,203
2009-04-09,233
2009-04-10,227
2009-04-11,206
2009-04-12,167
2009-04-13,219
2009-04-14,213
2009-04-15,240
2009-04-16,218
2009-04-17,222
2009-04-18,235
2009-04-19,194
2009-04-20,207
2009-04-21,219
2009-04-22,201
2009-04-23,184
2009-04-24,220
2009-04-25,222
2009-04-26,202
2009-04-27,184
2009-04-28,200
2009-04-29,203
2009-04-30,239
2009-05-01,249
2009-05-02,239
2009-05-03,184
2009-05-04,243
2009-05-05,216
2009-05-06,209
2009-05-07,188
2009-05-08,214
2009-05-09,243
2009-05-10,212
2009-05-11,201
2009-05-12,108
2009-05-13,206
2009-05-14,236
2009-05-15,247
2009-05-16,247
2009-05-17,219
2009-05-18,211
2009-05-19,200
2009-05-20,212
2009-05-21,217
2009-05-22,230
2009-05-23,242
2009-05-24,236
2009-05-25,203
2009-05-26,212
2009-05-27,184
2009-05-28,225
2009-05-29,272
2009-05-30,224
2009-05-31,218
2009-06-01,280
2009-06-02,253
2009-06-03,248
2009-06-04,301
2009-06-05,267
2009-06-06,219
2009-06-07,202
2009-06-08,199
2009-06-09,243
2009-06-10,220
2009-06-11,252
2009-06-12,250
2009-06-13,222
2009-06-14,199
2009-06-15,236
2009-06-16,215
2009-06-17,208
2009-06-18,232
2009-06-19,230
2009-06-20,216
2009-06-21,187
2009-06-22,219
2009-06-23,188
2009-06-24,240
2009-06-25,234
2009-06-26,244
2009-06-27,254
2009-06-28,241
2009-06-29,233
2009-06-30,230
2009-07-01,269
2009-07-02,259
2009-07-03,244
2009-07-04,327
2009-07-05,257
2009-07-06,228
2009-07-07,241
2009-07-08,214
2009-07-09,239
2009-07-10,262
2009-07-11,271
2009-07-12,211
2009-07-13,214
2009-07-14,227
2009-07-15,244
2009-07-16,257
2009-07-17,240
2009-07-18,242
2009-07-19,205
2009-07-20,238
2009-07-21,245
2009-07-22,242
2009-07-23,213
2009-07-24,219
2009-07-25,284
2009-07-26,229
2009-07-27,255
2009-07-28,289
2009-07-29,409
2009-07-30,281
2009-07-31,267
2009-08-01,304
2009-08-02,262
2009-08-03,227
2009-08-04,225
2009-08-05,243
2009-08-06,240
2009-08-07,227
2009-08-08,232
2009-08-09,216
2009-08-10,227
2009-08-11,257
2009-08-12,168
2009-08-13,198
2009-08-14,234
2009-08-15,256
2009-08-16,250
2009-08-17,229
2009-08-18,214
2009-08-19,219
2009-08-20,235
2009-08-21,234
2009-08-22,210
2009-08-23,204
2009-08-24,216
2009-08-25,211
2009-08-26,180
2009-08-27,233
2009-08-28,237
2009-08-29,220
2009-08-30,205
2009-08-31,222
2009-09-01,196
2009-09-02,231
2009-09-03,226
2009-09-04,252
2009-09-05,222
2009-09-06,196
2009-09-07,204
2009-09-08,204
2009-09-09,202
2009-09-10,220
2009-09-11,267
2009-09-12,260
2009-09-13,205
2009-09-14,217
2009-09-15,248
2009-09-16,218
2009-09-17,218
2009-09-18,216
2009-09-19,218
2009-09-20,183
2009-09-21,193
2009-09-22,220
2009-09-23,230
2009-09-24,199
2009-09-25,227
2009-09-26,259
2009-09-27,229
2009-09-28,205
2009-09-29,220
2009-09-30,204
2009-10-01,200
2009-10-02,233
2009-10-03,212
2009-10-04,189
2009-10-05,212
2009-10-06,211
2009-10-07,213
2009-10-08,231
2009-10-09,222
2009-10-10,244
2009-10-11,236
2009-10-12,219
2009-10-13,203
2009-10-14,256
2009-10-15,205
2009-10-16,291
2009-10-17,252
2009-10-18,193
2009-10-19,236
2009-10-20,209
2009-10-21,227
2009-10-22,204
2009-10-23,212
2009-10-24,230
2009-10-25,200
2009-10-26,216
2009-10-27,219
2009-10-28,214
2009-10-29,197
2009-10-30,248
2009-10-31,232
2009-11-01,259
2009-11-02,229
2009-11-03,218
2009-11-04,179
2009-11-05,242
2009-11-06,254
2009-11-07,186
2009-11-08,211
2009-11-09,196
2009-11-10,212
2009-11-11,230
2009-11-12,241
2009-11-13,196
2009-11-14,181
2009-11-15,185
2009-11-16,201
2009-11-17,180
2009-11-18,229
2009-11-19,229
2009-11-20,247
2009-11-21,217
2009-11-22,181
2009-11-23,198
2009-11-24,217
2009-11-25,185
2009-11-26,205
2009-11-27,182
2009-11-28,174
2009-11-29,160
2009-11-30,184
2009-12-01,234
2009-12-02,210
2009-12-03,228
2009-12-04,265
2009-12-05,219
2009-12-06,223
2009-12-07,223
2009-12-08,264
2009-12-09,292
2009-12-10,256
2009-12-11,254
2009-12-12,266
2009-12-13,213
2009-12-14,228
2009-12-15,204
2009-12-16,227
2009-12-17,198
2009-12-18,224
2009-12-19,219
2009-12-20,240
2009-12-21,196
2009-12-22,221
2009-12-23,196
2009-12-24,200
2009-12-25,174
2009-12-26,206
2009-12-27,211
2009-12-28,162
2009-12-29,193
2009-12-30,170
2009-12-31,203
2010-01-01,277
2010-01-02,201
2010-01-03,207
2010-01-04,216
2010-01-05,206
2010-01-06,186
2010-01-07,203
2010-01-08,228
2010-01-09,190
2010-01-10,174
2010-01-11,221
2010-01-12,209
2010-01-13,213
2010-01-14,183
2010-01-15,203
2010-01-16,185
2010-01-17,209
2010-01-18,210
2010-01-19,202
2010-01-20,213
2010-01-21,193
2010-01-22,230
2010-01-23,215
2010-01-24,188
2010-01-25,192
2010-01-26,190
2010-01-27,185
2010-01-28,213
2010-01-29,191
2010-01-30,168
2010-01-31,187
2010-02-01,216
2010-02-02,203
2010-02-03,201
2010-02-04,208
2010-02-05,228
2010-02-06,235
2010-02-07,199
2010-02-08,202
2010-02-09,226
2010-02-10,228
2010-02-11,205
2010-02-12,208
2010-02-13,184
2010-02-14,210
2010-02-15,209
2010-02-16,199
2010-02-17,204
2010-02-18,212
2010-02-19,194
2010-02-20,217
2010-02-21,211
2010-02-22,189
2010-02-23,194
2010-02-24,176
2010-02-25,193
2010-02-26,243
2010-02-27,215
2010-02-28,189
2010-03-01,231
2010-03-02,216
2010-03-03,235
2010-03-04,235
2010-03-05,235
2010-03-06,209
2010-03-07,211
2010-03-08,176
2010-03-09,196
2010-03-10,211
2010-03-11,207
2010-03-12,217
2010-03-13,224
2010-03-14,180
2010-03-15,239
2010-03-16,225
2010-03-17,183
2010-03-18,184
2010-03-19,201
2010-03-20,223
2010-03-21,212
2010-03-22,215
2010-03-23,182
2010-03-24,207
2010-03-25,193
2010-03-26,237
2010-03-27,207
2010-03-28,189
2010-03-29,218
2010-03-30,179
2010-03-31,187
2010-04-01,186
2010-04-02,213
2010-04-03,219
2010-04-04,196
2010-04-05,219
2010-04-06,218
2010-04-07,224
2010-04-08,177
2010-04-09,224
2010-04-10,227
2010-04-11,221
2010-04-12,134
2010-04-13,196
2010-04-14,138
2010-04-15,209
2010-04-16,244
2010-04-17,194
2010-04-18,229
2010-04-19,207
2010-04-20,221
2010-04-21,233
2010-04-22,213
2010-04-23,208
2010-04-24,211
2010-04-25,183
2010-04-26,202
2010-04-27,191
2010-04-28,199
2010-04-29,227
2010-04-30,227
2010-05-01,242
2010-05-02,196
2010-05-03,232
2010-05-04,210
2010-05-05,217
2010-05-06,222
2010-05-07,250
2010-05-08,238
2010-05-09,218
2010-05-10,195
2010-05-11,204
2010-05-12,196
2010-05-13,257
2010-05-14,237
2010-05-15,245
2010-05-16,218
2010-05-17,227
2010-05-18,213
2010-05-19,190
2010-05-20,191
2010-05-21,247
2010-05-22,223
2010-05-23,211
2010-05-24,202
2010-05-25,205
2010-05-26,222
2010-05-27,182
2010-05-28,243
2010-05-29,219
2010-05-30,199
2010-05-31,193
2010-06-01,207
2010-06-02,198
2010-06-03,215
2010-06-04,194
2010-06-05,218
2010-06-06,190
2010-06-07,211
2010-06-08,211
2010-06-09,225
2010-06-10,245
2010-06-11,241
2010-06-12,257
2010-06-13,214
2010-06-14,246
2010-06-15,217
2010-06-16,216
2010-06-17,219
2010-06-18,242
2010-06-19,223
2010-06-20,189
2010-06-21,223
2010-06-22,234
2010-06-23,258
2010-06-24,235
2010-06-25,210
2010-06-26,250
2010-06-27,207
2010-06-28,227
2010-06-29,195
2010-06-30,194
2010-07-01,236
2010-07-02,240
2010-07-03,222
2010-07-04,221
2010-07-05,207
2010-07-06,240
2010-07-07,280
2010-07-08,304
2010-07-09,295
2010-07-10,262
2010-07-11,235
2010-07-12,233
2010-07-13,210
2010-07-14,250
2010-07-15,238
2010-07-16,228
2010-07-17,259
2010-07-18,228
2010-07-19,198
2010-07-20,209
2010-07-21,217
2010-07-22,224
2010-07-23,238
2010-07-24,260
2010-07-25,245
2010-07-26,239
2010-07-27,248
2010-07-28,223
2010-07-29,221
2010-07-30,214
2010-07-31,208
2010-08-01,194
2010-08-02,245
2010-08-03,270
2010-08-04,270
2010-08-05,261
2010-08-06,247
2010-08-07,261
2010-08-08,220
2010-08-09,215
2010-08-10,200
2010-08-11,226
2010-08-12,228
2010-08-13,285
2010-08-14,257
2010-08-15,256
2010-08-16,248
2010-08-17,252
2010-08-18,143
2010-08-19,234
2010-08-20,212
2010-08-21,236
2010-08-22,204
2010-08-23,221
2010-08-24,230
2010-08-25,252
2010-08-26,194
2010-08-27,211
2010-08-28,223
2010-08-29,200
2010-08-30,202
2010-08-31,239
2010-09-01,218
2010-09-02,219
2010-09-03,271
2010-09-04,218
2010-09-05,203
2010-09-06,217
2010-09-07,219
2010-09-08,199
2010-09-09,214
2010-09-10,245
2010-09-11,244
2010-09-12,246
2010-09-13,227
2010-09-14,205
2010-09-15,217
2010-09-16,239
2010-09-17,250
2010-09-18,247
2010-09-19,179
2010-09-20,224
2010-09-21,221
2010-09-22,238
2010-09-23,223
2010-09-24,231
2010-09-25,278
2010-09-26,209
2010-09-27,297
2010-09-28,235
2010-09-29,208
2010-09-30,233
2010-10-01,259
2010-10-02,237
2010-10-03,205
2010-10-04,217
2010-10-05,236
2010-10-06,223
2010-10-07,210
2010-10-08,234
2010-10-09,247
2010-10-10,218
2010-10-11,222
2010-10-12,214
2010-10-13,239
2010-10-14,229
2010-10-15,243
2010-10-16,210
2010-10-17,245
2010-10-18,218
2010-10-19,226
2010-10-20,255
2010-10-21,228
2010-10-22,194
2010-10-23,218
2010-10-24,232
2010-10-25,196
2010-10-26,229
2010-10-27,215
2010-10-28,223
2010-10-29,230
2010-10-30,255
2010-10-31,231
2010-11-01,211
2010-11-02,212
2010-11-03,236
2010-11-04,222
2010-11-05,229
2010-11-06,230
2010-11-07,233
2010-11-08,193
2010-11-09,223
2010-11-10,209
2010-11-11,208
2010-11-12,218
2010-11-13,229
2010-11-14,195
2010-11-15,234
2010-11-16,206
2010-11-17,227
2010-11-18,195
2010-11-19,219
2010-11-20,184
2010-11-21,178
2010-11-22,328
2010-11-23,285
2010-11-24,260
2010-11-25,340
2010-11-26,246
2010-11-27,201
2010-11-28,217
2010-11-29,193
2010-11-30,206
2010-12-01,217
2010-12-02,190
2010-12-03,208
2010-12-04,237
2010-12-05,208
2010-12-06,205
2010-12-07,191
2010-12-08,210
2010-12-09,250
2010-12-10,222
2010-12-11,217
2010-12-12,263
2010-12-13,232
2010-12-14,243
2010-12-15,212
2010-12-16,221
2010-12-17,218
2010-12-18,203
2010-12-19,221
2010-12-20,199
2010-12-21,192
2010-12-22,188
2010-12-23,201
2010-12-24,216
2010-12-25,196
2010-12-26,168
2010-12-27,187
2010-12-28,215
2010-12-29,208
2010-12-30,215
2010-12-31,250
2011-01-01,286
2011-01-02,199
2011-01-03,207
2011-01-04,221
2011-01-05,193
2011-01-06,163
2011-01-07,206
2011-01-08,221
2011-01-09,192
2011-01-10,210
2011-01-11,220
2011-01-12,198
2011-01-13,232
2011-01-14,227
2011-01-15,217
2011-01-16,199
2011-01-17,183
2011-01-18,196
2011-01-19,215
2011-01-20,197
2011-01-21,238
2011-01-22,206
2011-01-23,198
2011-01-24,205
2011-01-25,191
2011-01-26,225
2011-01-27,201
2011-01-28,204
2011-01-29,194
2011-01-30,196
2011-01-31,172
2011-02-01,205
2011-02-02,234
2011-02-03,220
2011-02-04,197
2011-02-05,223
2011-02-06,204
2011-02-07,237
2011-02-08,213
2011-02-09,200
2011-02-10,222
2011-02-11,208
2011-02-12,220
2011-02-13,213
2011-02-14,219
2011-02-15,226
2011-02-16,225
2011-02-17,202
2011-02-18,204
2011-02-19,228
2011-02-20,199
2011-02-21,175
2011-02-22,192
2011-02-23,187
2011-02-24,163
2011-02-25,207
2011-02-26,236
2011-02-27,207
2011-02-28,208
2011-03-01,222
2011-03-02,225
2011-03-03,223
2011-03-04,240
2011-03-05,249
2011-03-06,227
2011-03-07,252
2011-03-08,213
2011-03-09,174
2011-03-10,189
2011-03-11,215
2011-03-12,224
2011-03-13,195
2011-03-14,213
2011-03-15,215
2011-03-16,228
2011-03-17,228
2011-03-18,253
2011-03-19,219
2011-03-20,188
2011-03-21,195
2011-03-22,210
2011-03-23,206
2011-03-24,188
2011-03-25,282
2011-03-26,229
2011-03-27,217
2011-03-28,189
2011-03-29,200
2011-03-30,187
2011-03-31,208
2011-04-01,222
2011-04-02,222
2011-04-03,214
2011-04-04,236
2011-04-05,184
2011-04-06,204
2011-04-07,181
2011-04-08,225
2011-04-09,227
2011-04-10,184
2011-04-11,202
2011-04-12,198
2011-04-13,184
2011-04-14,212
2011-04-15,217
2011-04-16,208
2011-04-17,223
2011-04-18,207
2011-04-19,203
2011-04-20,195
2011-04-21,207
2011-04-22,210
2011-04-23,227
2011-04-24,231
2011-04-25,213
2011-04-26,209
2011-04-27,197
2011-04-28,194
2011-04-29,238
2011-04-30,220
2011-05-01,219
2011-05-02,213
2011-05-03,226
2011-05-04,236
2011-05-05,199
2011-05-06,229
2011-05-07,233
2011-05-08,189
2011-05-09,224
2011-05-10,200
2011-05-11,224
2011-05-12,235
2011-05-13,209
2011-05-14,258
2011-05-15,204
2011-05-16,215
2011-05-17,236
2011-05-18,246
2011-05-19,207
2011-05-20,262
2011-05-21,262
2011-05-22,231
2011-05-23,215
2011-05-24,218
2011-05-25,224
2011-05-26,207
2011-05-27,223
2011-05-28,223
2011-05-29,198
2011-05-30,179
2011-05-31,266
2011-06-01,239
2011-06-02,242
2011-06-03,246
2011-06-04,273
2011-06-05,230
2011-06-06,231
2011-06-07,219
2011-06-08,242
2011-06-09,214
2011-06-10,208
2011-06-11,233
2011-06-12,191
2011-06-13,227
2011-06-14,219
2011-06-15,205
2011-06-16,214
2011-06-17,235
2011-06-18,261
2011-06-19,211
2011-06-20,241
2011-06-21,124
2011-06-22,236
2011-06-23,218
2011-06-24,246
2011-06-25,241
2011-06-26,261
2011-06-27,209
2011-06-28,233
2011-06-29,234
2011-06-30,225
2011-07-01,242
2011-07-02,248
2011-07-03,213
2011-07-04,262
2011-07-05,280
2011-07-06,251
2011-07-07,223
2011-07-08,229
2011-07-09,240
2011-07-10,208
2011-07-11,236
2011-07-12,223
2011-07-13,218
2011-07-14,200
2011-07-15,247
2011-07-16,216
2011-07-17,243
2011-07-18,229
2011-07-19,212
2011-07-20,237
2011-07-21,206
2011-07-22,225
2011-07-23,272
2011-07-24,233
2011-07-25,220
2011-07-26,242
2011-07-27,186
2011-07-28,237
2011-07-29,237
2011-07-30,263
2011-07-31,193
2011-08-01,240
2011-08-02,195
2011-08-03,241
2011-08-04,258
2011-08-05,275
2011-08-06,266
2011-08-07,240
2011-08-08,245
2011-08-09,226
2011-08-10,243
2011-08-11,260
2011-08-12,252
2011-08-13,241
2011-08-14,212
2011-08-15,243
2011-08-16,234
2011-08-17,221
2011-08-18,222
2011-08-19,239
2011-08-20,300
2011-08-21,248
2011-08-22,250
2011-08-23,227
2011-08-24,230
2011-08-25,266
2011-08-26,247
2011-08-27,239
2011-08-28,243
2011-08-29,204
2011-08-30,218
2011-08-31,215
2011-09-01,217
2011-09-02,245
2011-09-03,241
2011-09-04,218
2011-09-05,217
2011-09-06,241
2011-09-07,215
2011-09-08,251
2011-09-09,264
2011-09-10,253
2011-09-11,238
2011-09-12,207
2011-09-13,219
2011-09-14,244
2011-09-15,160
2011-09-16,241
2011-09-17,208
2011-09-18,216
2011-09-19,201
2011-09-20,250
2011-09-21,208
2011-09-22,203
2011-09-23,251
2011-09-24,260
2011-09-25,228
2011-09-26,235
2011-09-27,183
2011-09-28,262
2011-09-29,245
2011-09-30,230
2011-10-01,221
2011-10-02,220
2011-10-03,205
2011-10-04,217
2011-10-05,188
2011-10-06,206
2011-10-07,211
2011-10-08,244
2011-10-09,191
2011-10-10,189
2011-10-11,240
2011-10-12,187
2011-10-13,221
2011-10-14,227
2011-10-15,199
2011-10-16,215
2011-10-17,204
2011-10-18,199
2011-10-19,224
2011-10-20,201
2011-10-21,200
2011-10-22,258
2011-10-23,190
2011-10-24,223
2011-10-25,206
2011-10-26,197
2011-10-27,196
2011-10-28,237
2011-10-29,263
2011-10-30,242
2011-10-31,210
2011-11-01,220
2011-11-02,182
2011-11-03,207
2011-11-04,243
2011-11-05,247
2011-11-06,207
2011-11-07,211
2011-11-08,197
2011-11-09,218
2011-11-10,234
2011-11-11,196
2011-11-12,190
2011-11-13,182
2011-11-14,199
2011-11-15,215
2011-11-16,221
2011-11-17,239
2011-11-18,213
2011-11-19,187
2011-11-20,178
2011-11-21,219
2011-11-22,216
2011-11-23,230
2011-11-24,173
2011-11-25,200
2011-11-26,202
2011-11-27,204
2011-11-28,202
2011-11-29,210
2011-11-30,172
2011-12-01,217
2011-12-02,235
2011-12-03,217
2011-12-04,204
2011-12-05,195
2011-12-06,203
2011-12-07,183
2011-12-08,204
2011-12-09,197
2011-12-10,193
2011-12-11,204
2011-12-12,223
2011-12-13,214
2011-12-14,240
2011-12-15,205
2011-12-16,232
2011-12-17,223
2011-12-18,185
2011-12-19,203
2011-12-20,228
2011-12-21,212
2011-12-22,224
2011-12-23,208
2011-12-24,226
2011-12-25,195
2011-12-26,196
2011-12-27,219
2011-12-28,207
2011-12-29,203
2011-12-30,194
2011-12-31,214
2012-01-01,252
2012-01-02,180
2012-01-03,202
2012-01-04,205
2012-01-05,202
2012-01-06,212
2012-01-07,178
2012-01-08,223
2012-01-09,229
2012-01-10,171
2012-01-11,207
2012-01-12,203
2012-01-13,214
2012-01-14,211
2012-01-15,254
2012-01-16,189
2012-01-17,202
2012-01-18,205
2012-01-19,254
2012-01-20,270
2012-01-21,233
2012-01-22,201
2012-01-23,219
2012-01-24,236
2012-01-25,213
2012-01-26,220
2012-01-27,236
2012-01-28,237
2012-01-29,194
2012-01-30,191
2012-01-31,215
2012-02-01,208
2012-02-02,257
2012-02-03,271
2012-02-04,245
2012-02-05,211
2012-02-06,242
2012-02-07,217
2012-02-08,240
2012-02-09,229
2012-02-10,247
2012-02-11,206
2012-02-12,199
2012-02-13,225
2012-02-14,190
2012-02-15,192
2012-02-16,219
2012-02-17,211
2012-02-18,201
2012-02-19,206
2012-02-20,192
2012-02-21,206
2012-02-22,213
2012-02-23,236
2012-02-24,204
2012-02-25,194
2012-02-26,199
2012-02-27,223
2012-02-28,203
2012-02-29,192
2012-03-01,224
2012-03-02,244
2012-03-03,259
2012-03-04,234
2012-03-05,210
2012-03-06,204
2012-03-07,193
2012-03-08,201
2012-03-09,244
2012-03-10,194
2012-03-11,176
2012-03-12,215
2012-03-13,209
2012-03-14,190
2012-03-15,216
2012-03-16,232
2012-03-17,227
2012-03-18,216
2012-03-19,199
2012-03-20,203
2012-03-21,205
2012-03-22,206
2012-03-23,248
2012-03-24,220
2012-03-25,221
2012-03-26,239
2012-03-27,219
2012-03-28,228
2012-03-29,227
2012-03-30,248
2012-03-31,233
2012-04-01,226
2012-04-02,209
2012-04-03,228
2012-04-04,235
2012-04-05,218
2012-04-06,244
2012-04-07,243
2012-04-08,226
2012-04-09,222
2012-04-10,225
2012-04-11,239
2012-04-12,217
2012-04-13,239
2012-04-14,234
2012-04-15,205
2012-04-16,195
2012-04-17,219
2012-04-18,197
2012-04-19,197
2012-04-20,218
2012-04-21,240
2012-04-22,220
2012-04-23,247
2012-04-24,205
2012-04-25,244
2012-04-26,223
2012-04-27,206
2012-04-28,226
2012-04-29,220
2012-04-30,225
2012-05-01,200
2012-05-02,219
2012-05-03,242
2012-05-04,242
2012-05-05,249
2012-05-06,256
2012-05-07,232
2012-05-08,255
2012-05-09,224
2012-05-10,246
2012-05-11,237
2012-05-12,275
2012-05-13,249
2012-05-14,250
2012-05-15,229
2012-05-16,219
2012-05-17,253
2012-05-18,222
2012-05-19,253
2012-05-20,248
2012-05-21,215
2012-05-22,206
2012-05-23,225
2012-05-24,214
2012-05-25,237
2012-05-26,255
2012-05-27,210
2012-05-28,163
2012-05-29,222
2012-05-30,204
2012-05-31,213
2012-06-01,236
2012-06-02,285
2012-06-03,237
2012-06-04,236
2012-06-05,216
2012-06-06,226
2012-06-07,247
2012-06-08,263
2012-06-09,239
2012-06-10,228
2012-06-11,261
2012-06-12,229
2012-06-13,221
2012-06-14,220
2012-06-15,264
2012-06-16,267
2012-06-17,218
2012-06-18,256
2012-06-19,224
2012-06-20,227
2012-06-21,239
2012-06-22,230
2012-06-23,247
2012-06-24,257
2012-06-25,257
2012-06-26,215
2012-06-27,234
2012-06-28,230
2012-06-29,267
2012-06-30,265
2012-07-01,178
2012-07-02,237
2012-07-03,233
2012-07-04,248
2012-07-05,256
2012-07-06,255
2012-07-07,264
2012-07-08,227
2012-07-09,232
2012-07-10,244
2012-07-11,258
2012-07-12,236
2012-07-13,256
2012-07-14,272
2012-07-15,213
2012-07-16,202
2012-07-17,222
2012-07-18,258
2012-07-19,257
2012-07-20,249
2012-07-21,264
2012-07-22,257
2012-07-23,258
2012-07-24,256
2012-07-25,234
2012-07-26,227
2012-07-27,221
2012-07-28,231
2012-07-29,218
2012-07-30,207
2012-07-31,235
2012-08-01,262
2012-08-02,264
2012-08-03,264
2012-08-04,329
2012-08-05,297
2012-08-06,258
2012-08-07,254
2012-08-08,285
2012-08-09,260
2012-08-10,273
2012-08-11,250
2012-08-12,229
2012-08-13,234
2012-08-14,241
2012-08-15,272
2012-08-16,279
2012-08-17,282
2012-08-18,264
2012-08-19,215
2012-08-20,249
2012-08-21,236
2012-08-22,232
2012-08-23,223
2012-08-24,274
2012-08-25,260
2012-08-26,198
2012-08-27,270
2012-08-28,245
2012-08-29,240
2012-08-30,245
2012-08-31,292
2012-09-01,304
2012-09-02,233
2012-09-03,229
2012-09-04,253
2012-09-05,244
2012-09-06,254
2012-09-07,275
2012-09-08,262
2012-09-09,236
2012-09-10,212
2012-09-11,258
2012-09-12,242
2012-09-13,212
2012-09-14,249
2012-09-15,262
2012-09-16,238
2012-09-17,240
2012-09-18,219
2012-09-19,252
2012-09-20,228
2012-09-21,243
2012-09-22,244
2012-09-23,231
2012-09-24,255
2012-09-25,233
2012-09-26,235
2012-09-27,244
2012-09-28,232
2012-09-29,269
2012-09-30,223
2012-10-01,240
2012-10-02,246
2012-10-03,229
2012-10-04,251
2012-10-05,243
2012-10-06,248
2012-10-07,213
2012-10-08,257
2012-10-09,222
2012-10-10,212
2012-10-11,233
2012-10-12,209
2012-10-13,215
2012-10-14,251
2012-10-15,235
2012-10-16,214
2012-10-17,227
2012-10-18,254
2012-10-19,242
2012-10-20,225
2012-10-21,215
2012-10-22,206
2012-10-23,234
2012-10-24,176
2012-10-25,239
2012-10-26,239
2012-10-27,227
2012-10-28,244
2012-10-29,238
2012-10-30,220
2012-10-31,227
2012-11-01,242
2012-11-02,266
2012-11-03,209
2012-11-04,215
2012-11-05,234
2012-11-06,208
2012-11-07,225
2012-11-08,220
2012-11-09,221
2012-11-10,232
2012-11-11,228
2012-11-12,214
2012-11-13,226
2012-11-14,193
2012-11-15,251
2012-11-16,238
2012-11-17,242
2012-11-18,217
2012-11-19,247
2012-11-20,211
2012-11-21,227
2012-11-22,159
2012-11-23,208
2012-11-24,208
2012-11-25,214
2012-11-26,223
2012-11-27,212
2012-11-28,223
2012-11-29,226
2012-11-30,251
2012-12-01,241
2012-12-02,213
2012-12-03,233
2012-12-04,242
2012-12-05,222
2012-12-06,256
2012-12-07,225
2012-12-08,204
2012-12-09,244
2012-12-10,240
2012-12-11,260
2012-12-12,230
2012-12-13,252
2012-12-14,237
2012-12-15,247
2012-12-16,256
2012-12-17,222
2012-12-18,268
2012-12-19,239
2012-12-20,259
2012-12-21,217
2012-12-22,240
2012-12-23,279
2012-12-24,241
2012-12-25,182
2012-12-26,227
2012-12-27,187
2012-12-28,218
2012-12-29,216
2012-12-30,211
2012-12-31,260
2013-01-01,284
2013-01-02,246
2013-01-03,230
2013-01-04,227
2013-01-05,216
2013-01-06,211
2013-01-07,253
2013-01-08,269
2013-01-09,228
2013-01-10,238
2013-01-11,257
2013-01-12,234
2013-01-13,268
2013-01-14,199
2013-01-15,235
2013-01-16,243
2013-01-17,226
2013-01-18,238
2013-01-19,212
2013-01-20,207
2013-01-21,238
2013-01-22,231
2013-01-23,249
2013-01-24,234
2013-01-25,221
2013-01-26,198
2013-01-27,218
2013-01-28,224
2013-01-29,231
2013-01-30,231
2013-01-31,207
2013-02-01,233
2013-02-02,223
2013-02-03,224
2013-02-04,237
2013-02-05,235
2013-02-06,218
2013-02-07,238
2013-02-08,251
2013-02-09,223
2013-02-10,201
2013-02-11,229
2013-02-12,205
2013-02-13,253
2013-02-14,232
2013-02-15,252
2013-02-16,213
2013-02-17,226
2013-02-18,216
2013-02-19,224
2013-02-20,238
2013-02-21,229
2013-02-22,204
2013-02-23,242
2013-02-24,232
2013-02-25,235
2013-02-26,220
2013-02-27,238
2013-02-28,227
2013-03-01,290
2013-03-02,237
2013-03-03,263
2013-03-04,235
2013-03-05,227
2013-03-06,230
2013-03-07,230
2013-03-08,251
2013-03-09,208
2013-03-10,193
2013-03-11,193
2013-03-12,245
2013-03-13,227
2013-03-14,225
2013-03-15,240
2013-03-16,232
2013-03-17,202
2013-03-18,215
2013-03-19,204
2013-03-20,235
2013-03-21,212
2013-03-22,258
2013-03-23,236
2013-03-24,228
2013-03-25,230
2013-03-26,243
2013-03-27,194
2013-03-28,235
2013-03-29,239
2013-03-30,220
2013-03-31,217
2013-04-01,254
2013-04-02,252
2013-04-03,244
2013-04-04,256
2013-04-05,255
2013-04-06,236
2013-04-07,215
2013-04-08,222
2013-04-09,247
2013-04-10,229
2013-04-11,262
2013-04-12,251
2013-04-13,264
2013-04-14,233
2013-04-15,235
2013-04-16,220
2013-04-17,206
2013-04-18,210
2013-04-19,237
2013-04-20,231
2013-04-21,219
2013-04-22,233
2013-04-23,243
2013-04-24,220
2013-04-25,245
2013-04-26,248
2013-04-27,219
2013-04-28,203
2013-04-29,251
2013-04-30,223
2013-05-01,243
2013-05-02,227
2013-05-03,262
2013-05-04,290
2013-05-05,295
2013-05-06,298
2013-05-07,280
2013-05-08,231
2013-05-09,269
2013-05-10,267
2013-05-11,256
2013-05-12,258
2013-05-13,229
2013-05-14,234
2013-05-15,240
2013-05-16,228
2013-05-17,273
2013-05-18,238
2013-05-19,215
2013-05-20,272
2013-05-21,228
2013-05-22,220
2013-05-23,235
2013-05-24,227
2013-05-25,211
2013-05-26,239
2013-05-27,214
2013-05-28,233
2013-05-29,248
2013-05-30,229
2013-05-31,254
2013-06-01,228
2013-06-02,238
2013-06-03,265
2013-06-04,289
2013-06-05,233
2013-06-06,314
2013-06-07,245
2013-06-08,240
2013-06-09,229
2013-06-10,251
2013-06-11,265
2013-06-12,239
2013-06-13,285
2013-06-14,238
2013-06-15,302
2013-06-16,218
2013-06-17,257
2013-06-18,227
2013-06-19,252
2013-06-20,230
2013-06-21,244
2013-06-22,282
2013-06-23,250
2013-06-24,246
2013-06-25,259
2013-06-26,260
2013-06-27,251
2013-06-28,291
2013-06-29,290
2013-06-30,306
2013-07-01,296
2013-07-02,316
2013-07-03,274
2013-07-04,281
2013-07-05,295
2013-07-06,255
2013-07-07,226
2013-07-08,254
2013-07-09,247
2013-07-10,250
2013-07-11,239
2013-07-12,258
2013-07-13,293
2013-07-14,266
2013-07-15,270
2013-07-16,306
2013-07-17,243
2013-07-18,259
2013-07-19,287
2013-07-20,247
2013-07-21,239
2013-07-22,253
2013-07-23,284
2013-07-24,289
2013-07-25,286
2013-07-26,259
2013-07-27,296
2013-07-28,248
2013-07-29,220
2013-07-30,246
2013-07-31,243
2013-08-01,229
2013-08-02,262
2013-08-03,281
2013-08-04,248
2013-08-05,252
2013-08-06,264
2013-08-07,280
2013-08-08,248
2013-08-09,263
2013-08-10,245
2013-08-11,242
2013-08-12,255
2013-08-13,234
2013-08-14,246
2013-08-15,250
2013-08-16,251
2013-08-17,277
2013-08-18,262
2013-08-19,250
2013-08-20,237
2013-08-21,252
2013-08-22,270
2013-08-23,253
2013-08-24,280
2013-08-25,243
2013-08-26,245
2013-08-27,263
2013-08-28,283
2013-08-29,279
2013-08-30,270
2013-08-31,309
2013-09-01,277
2013-09-02,241
2013-09-03,231
2013-09-04,236
2013-09-05,246
2013-09-06,272
2013-09-07,264
2013-09-08,262
2013-09-09,248
2013-09-10,252
2013-09-11,299
2013-09-12,220
2013-09-13,224
2013-09-14,225
2013-09-15,234
2013-09-16,258
2013-09-17,252
2013-09-18,244
2013-09-19,236
2013-09-20,253
2013-09-21,261
2013-09-22,245
2013-09-23,246
2013-09-24,233
2013-09-25,255
2013-09-26,249
2013-09-27,238
2013-09-28,299
2013-09-29,234
2013-09-30,287
2013-10-01,239
2013-10-02,273
2013-10-03,232
2013-10-04,247
2013-10-05,223
2013-10-06,214
2013-10-07,211
2013-10-08,240
2013-10-09,249
2013-10-10,253
2013-10-11,262
2013-10-12,251
2013-10-13,240
2013-10-14,225
2013-10-15,224
2013-10-16,234
2013-10-17,212
2013-10-18,216
2013-10-19,231
2013-10-20,202
2013-10-21,220
2013-10-22,225
2013-10-23,231
2013-10-24,224
2013-10-25,239
2013-10-26,297
2013-10-27,256
2013-10-28,231
2013-10-29,228
2013-10-30,231
2013-10-31,273
2013-11-01,253
2013-11-02,327
2013-11-03,257
2013-11-04,256
2013-11-05,256
2013-11-06,226
2013-11-07,272
2013-11-08,245
2013-11-09,242
2013-11-10,221
2013-11-11,249
2013-11-12,237
2013-11-13,242
2013-11-14,264
2013-11-15,214
2013-11-16,215
2013-11-17,206
2013-11-18,221
2013-11-19,238
2013-11-20,243
2013-11-21,233
2013-11-22,259
2013-11-23,238
2013-11-24,214
2013-11-25,254
2013-11-26,222
2013-11-27,199
2013-11-28,183
2013-11-29,202
2013-11-30,232
2013-12-01,202
2013-12-02,244
2013-12-03,243
2013-12-04,259
2013-12-05,253
2013-12-06,284
2013-12-07,284
2013-12-08,297
2013-12-09,300
2013-12-10,303
2013-12-11,233
2013-12-12,260
2013-12-13,229
2013-12-14,261
2013-12-15,236
2013-12-16,270
2013-12-17,247
2013-12-18,240
2013-12-19,252
2013-12-20,255
2013-12-21,239
2013-12-22,241
2013-12-23,249
2013-12-24,228
2013-12-25,226
2013-12-26,199
2013-12-27,202
2013-12-28,233
2013-12-29,200
2013-12-30,201
2013-12-31,270
2014-01-01,313
2014-01-02,224
2014-01-03,214
2014-01-04,228
2014-01-05,219
2014-01-06,186
2014-01-07,248
2014-01-08,270
2014-01-09,272
2014-01-10,234
2014-01-11,290
2014-01-12,204
2014-01-13,257
2014-01-14,245
2014-01-15,238
2014-01-16,228
2014-01-17,238
2014-01-18,241
2014-01-19,263
2014-01-20,234
2014-01-21,224
2014-01-22,235
2014-01-23,244
2014-01-24,223
2014-01-25,227
2014-01-26,240
2014-01-27,231
2014-01-28,231
2014-01-29,274
2014-01-30,208
2014-01-31,225
2014-02-01,260
2014-02-02,265
2014-02-03,291
2014-02-04,218
2014-02-05,371
2014-02-06,271
2014-02-07,311
2014-02-08,261
2014-02-09,229
2014-02-10,241
2014-02-11,256
2014-02-12,273
2014-02-13,270
2014-02-14,275
2014-02-15,211
2014-02-16,238
2014-02-17,219
2014-02-18,237
2014-02-19,215
2014-02-20,216
2014-02-21,246
2014-02-22,237
2014-02-23,191
2014-02-24,224
2014-02-25,226
2014-02-26,206
2014-02-27,235
2014-02-28,247
2014-03-01,249
2014-03-02,238
2014-03-03,251
2014-03-04,241
2014-03-05,258
2014-03-06,276
2014-03-07,273
2014-03-08,235
2014-03-09,253
2014-03-10,252
2014-03-11,236
2014-03-12,249
2014-03-13,250
2014-03-14,263
2014-03-15,251
2014-03-16,219
2014-03-17,233
2014-03-18,214
2014-03-19,222
2014-03-20,157
2014-03-21,265
2014-03-22,253
2014-03-23,245
2014-03-24,240
2014-03-25,243
2014-03-26,217
2014-03-27,214
2014-03-28,249
2014-03-29,231
2014-03-30,217
2014-03-31,246
2014-04-01,270
2014-04-02,277
2014-04-03,208
2014-04-04,245
2014-04-05,260
2014-04-06,221
2014-04-07,297
2014-04-08,255
2014-04-09,237
2014-04-10,244
2014-04-11,278
2014-04-12,267
2014-04-13,255
2014-04-14,226
2014-04-15,221
2014-04-16,237
2014-04-17,207
2014-04-18,264
2014-04-19,241
2014-04-20,205
2014-04-21,245
2014-04-22,228
2014-04-23,209
2014-04-24,265
2014-04-25,235
2014-04-26,284
2014-04-27,207
2014-04-28,272
2014-04-29,257
2014-04-30,249
2014-05-01,289
2014-05-02,309
2014-05-03,252
2014-05-04,268
2014-05-05,281
2014-05-06,277
2014-05-07,276
2014-05-08,266
2014-05-09,267
2014-05-10,255
2014-05-11,261
2014-05-12,270
2014-05-13,252
2014-05-14,263
2014-05-15,306
2014-05-16,286
2014-05-17,261
2014-05-18,263
2014-05-19,169
2014-05-20,162
2014-05-21,292
2014-05-22,281
2014-05-23,270
2014-05-24,246
2014-05-25,255
2014-05-26,215
2014-05-27,232
2014-05-28,233
2014-05-29,235
2014-05-30,241
2014-05-31,292
2014-06-01,263
2014-06-02,295
2014-06-03,265
2014-06-04,269
2014-06-05,299
2014-06-06,289
2014-06-07,285
2014-06-08,248
2014-06-09,222
2014-06-10,269
2014-06-11,262
2014-06-12,280
2014-06-13,262
2014-06-14,221
2014-06-15,237
2014-06-16,263
2014-06-17,290
2014-06-18,270
2014-06-19,247
2014-06-20,262
2014-06-21,304
2014-06-22,239
2014-06-23,253
2014-06-24,263
2014-06-25,296
2014-06-26,267
2014-06-27,271
2014-06-28,290
2014-06-29,250
2014-06-30,303
2014-07-01,316
2014-07-02,318
2014-07-03,287
2014-07-04,298
2014-07-05,275
2014-07-06,285
2014-07-07,291
2014-07-08,304
2014-07-09,293
2014-07-10,257
2014-07-11,285
2014-07-12,322
2014-07-13,262
2014-07-14,264
2014-07-15,318
2014-07-16,283
2014-07-17,273
2014-07-18,280
2014-07-19,264
2014-07-20,251
2014-07-21,276
2014-07-22,234
2014-07-23,272
2014-07-24,243
2014-07-25,303
2014-07-26,267
2014-07-27,265
2014-07-28,263
2014-07-29,262
2014-07-30,283
2014-07-31,254
2014-08-01,276
2014-08-02,308
2014-08-03,289
2014-08-04,297
2014-08-05,284
2014-08-06,319
2014-08-07,232
2014-08-08,297
2014-08-09,328
2014-08-10,271
2014-08-11,296
2014-08-12,263
2014-08-13,342
2014-08-14,260
2014-08-15,297
2014-08-16,284
2014-08-17,273
2014-08-18,273
2014-08-19,282
2014-08-20,244
2014-08-21,257
2014-08-22,279
2014-08-23,300
2014-08-24,245
2014-08-25,261
2014-08-26,263
2014-08-27,262
2014-08-28,250
2014-08-29,266
2014-08-30,306
2014-08-31,220
2014-09-01,244
2014-09-02,269
2014-09-03,254
2014-09-04,292
2014-09-05,290
2014-09-06,302
2014-09-07,267
2014-09-08,265
2014-09-09,235
2014-09-10,282
2014-09-11,266
2014-09-12,311
2014-09-13,285
2014-09-14,250
2014-09-15,280
2014-09-16,264
2014-09-17,248
2014-09-18,251
2014-09-19,277
2014-09-20,233
2014-09-21,262
2014-09-22,259
2014-09-23,259
2014-09-24,264
2014-09-25,269
2014-09-26,265
2014-09-27,269
2014-09-28,288
2014-09-29,257
2014-09-30,237
2014-10-01,246
2014-10-02,260
2014-10-03,293
2014-10-04,288
2014-10-05,247
2014-10-06,294
2014-10-07,246
2014-10-08,256
2014-10-09,225
2014-10-10,259
2014-10-11,277
2014-10-12,238
2014-10-13,281
2014-10-14,283
2014-10-15,267
2014-10-16,244
2014-10-17,268
2014-10-18,273
2014-10-19,267
2014-10-20,238
2014-10-21,249
2014-10-22,280
2014-10-23,239
2014-10-24,253
2014-10-25,316
2014-10-26,265
2014-10-27,284
2014-10-28,220
2014-10-29,237
2014-10-30,243
2014-10-31,303
2014-11-01,343
2014-11-02,258
2014-11-03,250
2014-11-04,240
2014-11-05,277
2014-11-06,247
2014-11-07,312
2014-11-08,281
2014-11-09,264
2014-11-10,277
2014-11-11,235
2014-11-12,283
2014-11-13,265
2014-11-14,258
2014-11-15,256
2014-11-16,231
2014-11-17,213
2014-11-18,282
2014-11-19,181
2014-11-20,221
2014-11-21,308
2014-11-22,273
2014-11-23,225
2014-11-24,243
2014-11-25,243
2014-11-26,262
2014-11-27,215
2014-11-28,248
2014-11-29,250
2014-11-30,257
2014-12-01,253
2014-12-02,236
2014-12-03,271
2014-12-04,246
2014-12-05,265
2014-12-06,265
2014-12-07,224
2014-12-08,234
2014-12-09,252
2014-12-10,265
2014-12-11,274
2014-12-12,237
2014-12-13,236
2014-12-14,260
2014-12-15,257
2014-12-16,251
2014-12-17,219
2014-12-18,261
2014-12-19,237
2014-12-20,271
2014-12-21,229
2014-12-22,275
2014-12-23,262
2014-12-24,238
2014-12-25,211
2014-12-26,226
2014-12-27,218
2014-12-28,218
2014-12-29,268
2014-12-30,256
2014-12-31,256
2015-01-01,305
2015-01-02,240
2015-01-03,237
2015-01-04,217
2015-01-05,293
2015-01-06,258
2015-01-07,251
2015-01-08,233
2015-01-09,263
2015-01-10,287
2015-01-11,231
2015-01-12,242
2015-01-13,257
2015-01-14,238
2015-01-15,256
2015-01-16,271
2015-01-17,264
2015-01-18,294
2015-01-19,217
2015-01-20,242
2015-01-21,238
2015-01-22,263
2015-01-23,233
2015-01-24,246
2015-01-25,278
2015-01-26,277
2015-01-27,243
2015-01-28,237
2015-01-29,251
2015-01-30,252
2015-01-31,226
2015-02-01,258
2015-02-02,291
2015-02-03,257
2015-02-04,248
2015-02-05,263
2015-02-06,227
2015-02-07,254
2015-02-08,272
2015-02-09,235
2015-02-10,236
2015-02-11,231
2015-02-12,257
2015-02-13,216
2015-02-14,263
2015-02-15,223
2015-02-16,241
2015-02-17,225
2015-02-18,219
2015-02-19,258
2015-02-20,234
2015-02-21,246
2015-02-22,245
2015-02-23,257
2015-02-24,229
2015-02-25,264
2015-02-26,234
2015-02-27,243
2015-02-28,282
2015-03-01,245
2015-03-02,237
2015-03-03,276
2015-03-04,226
2015-03-05,283
2015-03-06,242
2015-03-07,270
2015-03-08,207
2015-03-09,239
2015-03-10,257
2015-03-11,262
2015-03-12,268
2015-03-13,227
2015-03-14,253
2015-03-15,263
2015-03-16,268
2015-03-17,252
2015-03-18,279
2015-03-19,266
2015-03-20,248
2015-03-21,282
2015-03-22,210
2015-03-23,248
2015-03-24,262
2015-03-25,220
2015-03-26,240
2015-03-27,266
2015-03-28,236
2015-03-29,267
2015-03-30,264
2015-03-31,251
2015-04-01,274
2015-04-02,255
2015-04-03,262
2015-04-04,284
2015-04-05,262
2015-04-06,262
2015-04-07,309
2015-04-08,255
2015-04-09,287
2015-04-10,270
2015-04-11,250
2015-04-12,232
2015-04-13,236
2015-04-14,246
2015-04-15,258
2015-04-16,261
2015-04-17,244
2015-04-18,265
2015-04-19,246
2015-04-20,275
2015-04-21,269
2015-04-22,266
2015-04-23,233
2015-04-24,244
2015-04-25,249
2015-04-26,224
2015-04-27,269
2015-04-28,247
2015-04-29,252
2015-04-30,266
2015-05-01,286
2015-05-02,319
2015-05-03,237
2015-05-04,273
2015-05-05,270
2015-05-06,249
2015-05-07,273
2015-05-08,320
2015-05-09,330
2015-05-10,234
2015-05-11,251
2015-05-12,284
2015-05-13,271
2015-05-14,262
2015-05-15,265
2015-05-16,317
2015-05-17,233
2015-05-18,294
2015-05-19,287
2015-05-20,270
2015-05-21,300
2015-05-22,288
2015-05-23,255
2015-05-24,230
2015-05-25,237
2015-05-26,287
2015-05-27,241
2015-05-28,274
2015-05-29,315
2015-05-30,287
2015-05-31,294
2015-06-01,268
2015-06-02,248
2015-06-03,284
2015-06-04,279
2015-06-05,327
2015-06-06,296
2015-06-07,305
2015-06-08,308
2015-06-09,315
2015-06-10,314
2015-06-11,247
2015-06-12,292
2015-06-13,304
2015-06-14,288
2015-06-15,298
2015-06-16,287
2015-06-17,291
2015-06-18,265
2015-06-19,282
2015-06-20,314
2015-06-21,291
2015-06-22,277
2015-06-23,279
2015-06-24,289
2015-06-25,286
2015-06-26,275
2015-06-27,316
2015-06-28,303
2015-06-29,322
2015-06-30,311
2015-07-01,290
2015-07-02,327
2015-07-03,351
2015-07-04,387
2015-07-05,332
2015-07-06,313
2015-07-07,301
2015-07-08,313
2015-07-09,326
2015-07-10,295
2015-07-11,285
2015-07-12,267
2015-07-13,270
2015-07-14,280
2015-07-15,283
2015-07-16,256
2015-07-17,324
2015-07-18,307
2015-07-19,323
2015-07-20,283
2015-07-21,265
2015-07-22,273
2015-07-23,252
2015-07-24,329
2015-07-25,284
2015-07-26,274
2015-07-27,257
2015-07-28,274
2015-07-29,332
2015-07-30,312
2015-07-31,349
2015-08-01,347
2015-08-02,315
2015-08-03,321
2015-08-04,295
2015-08-05,272
2015-08-06,273
2015-08-07,320
2015-08-08,293
2015-08-09,258
2015-08-10,308
2015-08-11,292
2015-08-12,310
2015-08-13,234
2015-08-14,290
2015-08-15,288
2015-08-16,282
2015-08-17,293
2015-08-18,275
2015-08-19,297
2015-08-20,247
2015-08-21,260
2015-08-22,295
2015-08-23,242
2015-08-24,278
2015-08-25,289
2015-08-26,274
2015-08-27,321
2015-08-28,308
2015-08-29,402
2015-08-30,291
2015-08-31,259
2015-09-01,278
2015-09-02,279
2015-09-03,226
2015-09-04,297
2015-09-05,264
2015-09-06,277
2015-09-07,271
2015-09-08,294
2015-09-09,275
2015-09-10,279
2015-09-11,282
2015-09-12,301
2015-09-13,270
2015-09-14,301
2015-09-15,247
2015-09-16,249
2015-09-17,296
2015-09-18,302
2015-09-19,263
2015-09-20,260
2015-09-21,261
2015-09-22,268
2015-09-23,263
2015-09-24,243
2015-09-25,291
2015-09-26,292
2015-09-27,258
2015-09-28,284
2015-09-29,282
2015-09-30,292
2015-10-01,288
2015-10-02,262
2015-10-03,266
2015-10-04,287
2015-10-05,262
2015-10-06,273
2015-10-07,323
2015-10-08,308
2015-10-09,321
2015-10-10,277
2015-10-11,294
2015-10-12,258
2015-10-13,285
2015-10-14,268
2015-10-15,243
2015-10-16,295
2015-10-17,276
2015-10-18,269
2015-10-19,267
2015-10-20,239
2015-10-21,258
2015-10-22,251
2015-10-23,249
2015-10-24,239
2015-10-25,265
2015-10-26,248
2015-10-27,254
2015-10-28,277
2015-10-29,278
2015-10-30,287
2015-10-31,246
2015-11-01,301
2015-11-02,254
2015-11-03,281
2015-11-04,272
2015-11-05,282
2015-11-06,284
2015-11-07,271
2015-11-08,232
2015-11-09,260
2015-11-10,240
2015-11-11,226
2015-11-12,240
2015-11-13,303
2015-11-14,235
2015-11-15,293
2015-11-16,284
2015-11-17,275
2015-11-18,251
2015-11-19,263
2015-11-20,308
2015-11-21,270
2015-11-22,255
2015-11-23,291
2015-11-24,287
2015-11-25,239
2015-11-26,239
2015-11-27,224
2015-11-28,248
2015-11-29,219
2015-11-30,233
2015-12-01,236
2015-12-02,237
2015-12-03,259
2015-12-04,306
2015-12-05,274
2015-12-06,315
2015-12-07,302
2015-12-08,320
2015-12-09,300
2015-12-10,268
2015-12-11,251
2015-12-12,254
2015-12-13,274
2015-12-14,246
2015-12-15,285
2015-12-16,253
2015-12-17,281
2015-12-18,305
2015-12-19,264
2015-12-20,234
2015-12-21,252
2015-12-22,242
2015-12-23,264
2015-12-24,258
2015-12-25,199
2015-12-26,239
2015-12-27,236
2015-12-28,254
2015-12-29,232
2015-12-30,273
2015-12-31,287
2016-01-01,338
2016-01-02,266
2016-01-03,251
2016-01-04,273
2016-01-05,253
2016-01-06,292
2016-01-07,273
2016-01-08,264
2016-01-09,248
2016-01-10,262
2016-01-11,293
2016-01-12,283
2016-01-13,246
2016-01-14,269
2016-01-15,254
2016-01-16,247
2016-01-17,234
2016-01-18,222
2016-01-19,269
2016-01-20,248
2016-01-21,283
2016-01-22,278
2016-01-23,242
2016-01-24,247
2016-01-25,251
2016-01-26,301
2016-01-27,285
2016-01-28,249
2016-01-29,267
2016-01-30,242
2016-01-31,216
2016-02-01,256
2016-02-02,290
2016-02-03,245
2016-02-04,301
2016-02-05,291
2016-02-06,247
2016-02-07,265
2016-02-08,248
2016-02-09,276
2016-02-10,213
2016-02-11,279
2016-02-12,284
2016-02-13,261
2016-02-14,230
2016-02-15,206
2016-02-16,239
2016-02-17,283
2016-02-18,223
2016-02-19,290
2016-02-20,225
2016-02-21,255
2016-02-22,238
2016-02-23,243
2016-02-24,233
2016-02-25,267
2016-02-26,273
2016-02-27,251
2016-02-28,216
2016-02-29,244
2016-03-01,282
2016-03-02,301
2016-03-03,261
2016-03-04,297
2016-03-05,285
2016-03-06,242
2016-03-07,263
2016-03-08,251
2016-03-09,279
2016-03-10,270
2016-03-11,290
2016-03-12,267
2016-03-13,326
2016-03-14,270
2016-03-15,248
2016-03-16,248
2016-03-17,278
2016-03-18,280
2016-03-19,280
2016-03-20,262
2016-03-21,245
2016-03-22,298
2016-03-23,273
2016-03-24,282
2016-03-25,272
2016-03-26,276
2016-03-27,238
2016-03-28,240
2016-03-29,275
2016-03-30,291
2016-03-31,288
2016-04-01,322
2016-04-02,318
2016-04-03,279
2016-04-04,263
2016-04-05,268
2016-04-06,291
2016-04-07,292
2016-04-08,290
2016-04-09,310
2016-04-10,265
2016-04-11,267
2016-04-12,279
2016-04-13,254
2016-04-14,247
2016-04-15,260
2016-04-16,289
2016-04-17,237
2016-04-18,312
2016-04-19,273
2016-04-20,303
2016-04-21,343
2016-04-22,322
2016-04-23,303
2016-04-24,269
2016-04-25,253
2016-04-26,275
2016-04-27,242
2016-04-28,249
2016-04-29,312
2016-04-30,282
2016-05-01,319
2016-05-02,323
2016-05-03,303
2016-05-04,293
2016-05-05,301
2016-05-06,300
2016-05-07,296
2016-05-08,268
2016-05-09,265
2016-05-10,311
2016-05-11,274
2016-05-12,253
2016-05-13,306
2016-05-14,292
2016-05-15,236
2016-05-16,295
2016-05-17,285
2016-05-18,276
2016-05-19,308
2016-05-20,298
2016-05-21,298
2016-05-22,274
2016-05-23,239
2016-05-24,257
2016-05-25,306
2016-05-26,242
2016-05-27,280
2016-05-28,250
2016-05-29,237
2016-05-30,243
2016-05-31,333
2016-06-01,296
2016-06-02,214
2016-06-03,337
2016-06-04,345
2016-06-05,382
2016-06-06,356
2016-06-07,334
2016-06-08,295
2016-06-09,308
2016-06-10,307
2016-06-11,296
2016-06-12,250
2016-06-13,286
2016-06-14,263
2016-06-15,270
2016-06-16,275
2016-06-17,279
2016-06-18,302
2016-06-19,264
2016-06-20,300
2016-06-21,134
2016-06-22,237
2016-06-23,306
2016-06-24,269
2016-06-25,307
2016-06-26,313
2016-06-27,299
2016-06-28,291
2016-06-29,250
2016-06-30,278
2016-07-01,312
2016-07-02,314
2016-07-03,287
2016-07-04,288
2016-07-05,315
2016-07-06,337
2016-07-07,256
2016-07-08,298
2016-07-09,296
2016-07-10,263
2016-07-11,256
2016-07-12,288
2016-07-13,311
2016-07-14,264
2016-07-15,317
2016-07-16,275
2016-07-17,264
2016-07-18,257
2016-07-19,289
2016-07-20,308
2016-07-21,342
2016-07-22,280
2016-07-23,265
2016-07-24,300
2016-07-25,307
2016-07-26,314
2016-07-27,305
2016-07-28,315
2016-07-29,324
2016-07-30,284
2016-07-31,274
2016-08-01,280
2016-08-02,312
2016-08-03,278
2016-08-04,303
2016-08-05,357
2016-08-06,282
2016-08-07,263
2016-08-08,256
2016-08-09,261
2016-08-10,321
2016-08-11,301
2016-08-12,333
2016-08-13,290
2016-08-14,294
2016-08-15,306
2016-08-16,310
2016-08-17,283
2016-08-18,295
2016-08-19,315
2016-08-20,339
2016-08-21,262
2016-08-22,307
2016-08-23,317
2016-08-24,301
2016-08-25,338
2016-08-26,317
2016-08-27,281
2016-08-28,297
2016-08-29,292
2016-08-30,239
2016-08-31,280
2016-09-01,267
2016-09-02,288
2016-09-03,278
2016-09-04,252
2016-09-05,235
2016-09-06,267
2016-09-07,253
2016-09-08,296
2016-09-09,336
2016-09-10,296
2016-09-11,274
2016-09-12,321
2016-09-13,277
2016-09-14,276
2016-09-15,268
2016-09-16,293
2016-09-17,319
2016-09-18,248
2016-09-19,264
2016-09-20,267
2016-09-21,280
2016-09-22,312
2016-09-23,252
2016-09-24,288
2016-09-25,275
2016-09-26,264
2016-09-27,264
2016-09-28,242
2016-09-29,263
2016-09-30,335
2016-10-01,268
2016-10-02,265
2016-10-03,273
2016-10-04,229
2016-10-05,276
2016-10-06,271
2016-10-07,259
2016-10-08,273
2016-10-09,232
2016-10-10,282
2016-10-11,259
2016-10-12,265
2016-10-13,300
2016-10-14,317
2016-10-15,276
2016-10-16,295
2016-10-17,267
2016-10-18,290
2016-10-19,291
2016-10-20,257
2016-10-21,256
2016-10-22,305
2016-10-23,282
2016-10-24,307
2016-10-25,303
2016-10-26,258
2016-10-27,257
2016-10-28,301
2016-10-29,253
2016-10-30,265
2016-10-31,247
2016-11-01,259
2016-11-02,247
2016-11-03,300
2016-11-04,283
2016-11-05,308
2016-11-06,260
2016-11-07,273
2016-11-08,285
2016-11-09,330
2016-11-10,283
2016-11-11,259
2016-11-12,281
2016-11-13,249
2016-11-14,279
2016-11-15,320
2016-11-16,259
2016-11-17,258
2016-11-18,260
2016-11-19,263
2016-11-20,269
2016-11-21,278
2016-11-22,282
2016-11-23,292
2016-11-24,285
2016-11-25,269
2016-11-26,265
2016-11-27,222
2016-11-28,252
2016-11-29,271
2016-11-30,253
2016-12-01,247
2016-12-02,280
2016-12-03,247
2016-12-04,251
2016-12-05,292
2016-12-06,291
2016-12-07,274
2016-12-08,294
2016-12-09,311
2016-12-10,288
2016-12-11,264
2016-12-12,292
2016-12-13,268
2016-12-14,324
2016-12-15,315
2016-12-16,305
2016-12-17,295
2016-12-18,281
2016-12-19,312
2016-12-20,295
2016-12-21,281
2016-12-22,304
2016-12-23,286
2016-12-24,254
2016-12-25,219
2016-12-26,257
2016-12-27,294
2016-12-28,269
2016-12-29,270
2016-12-30,297
2016-12-31,330
2017-01-01,309
2017-01-02,281
2017-01-03,319
2017-01-04,317
2017-01-05,317
2017-01-06,313
2017-01-07,279
2017-01-08,312
2017-01-09,246
2017-01-10,290
2017-01-11,266
2017-01-12,286
2017-01-13,324
2017-01-14,284
2017-01-15,261
2017-01-16,273
2017-01-17,276
2017-01-18,305
2017-01-19,261
2017-01-20,286
2017-01-21,282
2017-01-22,238
2017-01-23,263
2017-01-24,273
2017-01-25,275
2017-01-26,291
2017-01-27,270
2017-01-28,259
2017-01-29,236
2017-01-30,275
2017-01-31,245
2017-02-01,271
2017-02-02,292
2017-02-03,307
2017-02-04,278
2017-02-05,282
2017-02-06,268
2017-02-07,299
2017-02-08,217
2017-02-09,330
2017-02-10,287
2017-02-11,281
2017-02-12,257
2017-02-13,278
2017-02-14,317
2017-02-15,276
2017-02-16,290
2017-02-17,218
2017-02-18,275
2017-02-19,247
2017-02-20,268
2017-02-21,247
2017-02-22,246
2017-02-23,260
2017-02-24,260
2017-02-25,290
2017-02-26,244
2017-02-27,280
2017-02-28,268
2017-03-01,250
2017-03-02,301
2017-03-03,275
2017-03-04,277
2017-03-05,274
2017-03-06,247
2017-03-07,265
2017-03-08,260
2017-03-09,291
2017-03-10,274
2017-03-11,249
2017-03-12,254
2017-03-13,282
2017-03-14,280
2017-03-15,299
2017-03-16,272
2017-03-17,288
2017-03-18,271
2017-03-19,257
2017-03-20,277
2017-03-21,280
2017-03-22,258
2017-03-23,244
2017-03-24,269
2017-03-25,277
2017-03-26,254
2017-03-27,243
2017-03-28,242
2017-03-29,221
2017-03-30,293
2017-03-31,280
2017-04-01,247
2017-04-02,255
2017-04-03,256
2017-04-04,269
2017-04-05,265
2017-04-06,278
2017-04-07,293
2017-04-08,261
2017-04-09,258
2017-04-10,241
2017-04-11,277
2017-04-12,233
2017-04-13,262
2017-04-14,270
2017-04-15,297
2017-04-16,250
2017-04-17,304
2017-04-18,286
2017-04-19,291
2017-04-20,287
2017-04-21,249
2017-04-22,292
2017-04-23,245
2017-04-24,265
2017-04-25,286
2017-04-26,315
2017-04-27,276
2017-04-28,265
2017-04-29,267
2017-04-30,206
2017-05-01,270
2017-05-02,292
2017-05-03,315
2017-05-04,307
2017-05-05,301
2017-05-06,325
2017-05-07,283
2017-05-08,284
2017-05-09,307
2017-05-10,272
2017-05-11,248
2017-05-12,285
2017-05-13,296
2017-05-14,230
2017-05-15,275
2017-05-16,284
2017-05-17,257
2017-05-18,290
2017-05-19,310
2017-05-20,314
2017-05-21,284
2017-05-22,336
2017-05-23,307
2017-05-24,250
2017-05-25,290
2017-05-26,296
2017-05-27,313
2017-05-28,304
2017-05-29,245
2017-05-30,259
2017-05-31,251
2017-06-01,294
2017-06-02,302
2017-06-03,265
2017-06-04,267
2017-06-05,298
2017-06-06,306
2017-06-07,301
2017-06-08,278
2017-06-09,303
2017-06-10,311
2017-06-11,299
2017-06-12,257
2017-06-13,308
2017-06-14,234
2017-06-15,297
2017-06-16,275
2017-06-17,275
2017-06-18,272
2017-06-19,255
2017-06-20,278
2017-06-21,300
2017-06-22,299
2017-06-23,328
2017-06-24,343
2017-06-25,329
2017-06-26,310
2017-06-27,289
2017-06-28,280
2017-06-29,263
2017-06-30,286
2017-07-01,321
2017-07-02,288
2017-07-03,303
2017-07-04,339
2017-07-05,325
2017-07-06,312
2017-07-07,307
2017-07-08,357
2017-07-09,270
2017-07-10,286
2017-07-11,283
2017-07-12,276
2017-07-13,248
2017-07-14,299
2017-07-15,325
2017-07-16,294
2017-07-17,297
2017-07-18,303
2017-07-19,276
2017-07-20,291
2017-07-21,287
2017-07-22,317
2017-07-23,275
2017-07-24,318
2017-07-25,292
2017-07-26,300
2017-07-27,311
2017-07-28,303
2017-07-29,310
2017-07-30,254
2017-07-31,343
2017-08-01,303
2017-08-02,330
2017-08-03,392
2017-08-04,396
2017-08-05,342
2017-08-06,309
2017-08-07,318
2017-08-08,301
2017-08-09,292
2017-08-10,316
2017-08-11,281
2017-08-12,282
2017-08-13,228
2017-08-14,311
2017-08-15,255
2017-08-16,279
2017-08-17,298
2017-08-18,306
2017-08-19,304
2017-08-20,266
2017-08-21,270
2017-08-22,336
2017-08-23,298
2017-08-24,271
2017-08-25,310
2017-08-26,301
2017-08-27,275
2017-08-28,310
2017-08-29,290
2017-08-30,289
2017-08-31,290
2017-09-01,322
2017-09-02,333
2017-09-03,280
2017-09-04,321
2017-09-05,305
2017-09-06,290
2017-09-07,263
2017-09-08,255
2017-09-09,293
2017-09-10,300
2017-09-11,267
2017-09-12,281
2017-09-13,285
2017-09-14,303
2017-09-15,310
2017-09-16,322
2017-09-17,277
2017-09-18,302
2017-09-19,288
2017-09-20,252
2017-09-21,279
2017-09-22,270
2017-09-23,280
2017-09-24,273
2017-09-25,301
2017-09-26,276
2017-09-27,296
2017-09-28,322
2017-09-29,323
2017-09-30,259
2017-10-01,283
2017-10-02,288
2017-10-03,310
2017-10-04,336
2017-10-05,286
2017-10-06,308
2017-10-07,293
2017-10-08,237
2017-10-09,298
2017-10-10,269
2017-10-11,258
2017-10-12,267
2017-10-13,269
2017-10-14,278
2017-10-15,235
2017-10-16,248
2017-10-17,228
2017-10-18,290
2017-10-19,276
2017-10-20,273
2017-10-21,298
2017-10-22,263
2017-10-23,282
2017-10-24,297
2017-10-25,271
2017-10-26,311
2017-10-27,297
2017-10-28,296
2017-10-29,294
2017-10-30,260
2017-10-31,274
2017-11-01,283
2017-11-02,268
2017-11-03,270
2017-11-04,289
2017-11-05,292
2017-11-06,286
2017-11-07,247
2017-11-08,285
2017-11-09,295
2017-11-10,323
2017-11-11,273
2017-11-12,238
2017-11-13,407
2017-11-14,281
2017-11-15,291
2017-11-16,233
2017-11-17,281
2017-11-18,246
2017-11-19,292
2017-11-20,248
2017-11-21,309
2017-11-22,328
2017-11-23,248
2017-11-24,259
2017-11-25,275
2017-11-26,222
2017-11-27,227
2017-11-28,253
2017-11-29,274
2017-11-30,290
2017-12-01,265
2017-12-02,294
2017-12-03,266
2017-12-04,253
2017-12-05,270
2017-12-06,270
2017-12-07,277
2017-12-08,312
2017-12-09,294
2017-12-10,259
2017-12-11,237
2017-12-12,258
2017-12-13,269
2017-12-14,263
2017-12-15,250
2017-12-16,266
2017-12-17,261
2017-12-18,281
2017-12-19,283
2017-12-20,327
2017-12-21,266
2017-12-22,276
2017-12-23,228
2017-12-24,295
2017-12-25,238
2017-12-26,250
2017-12-27,236
2017-12-28,243
2017-12-29,276
2017-12-30,247
2017-12-31,287
2018-01-01,319
2018-01-02,263
2018-01-03,272
2018-01-04,286
2018-01-05,315
2018-01-06,297
2018-01-07,264
2018-01-08,270
2018-01-09,298
2018-01-10,275
2018-01-11,319
2018-01-12,286
2018-01-13,282
2018-01-14,236
2018-01-15,279
2018-01-16,288
2018-01-17,265
2018-01-18,279
2018-01-19,298
2018-01-20,289
2018-01-21,291
2018-01-22,274
2018-01-23,286
2018-01-24,284
2018-01-25,230
2018-01-26,282
2018-01-27,284
2018-01-28,260
2018-01-29,273
2018-01-30,250
2018-01-31,287
2018-02-01,286
2018-02-02,299
2018-02-03,282
2018-02-04,260
2018-02-05,294
2018-02-06,246
2018-02-07,259
2018-02-08,294
2018-02-09,269
2018-02-10,255
2018-02-11,235
2018-02-12,256
2018-02-13,232
2018-02-14,265
2018-02-15,272
2018-02-16,271
2018-02-17,290
2018-02-18,262
2018-02-19,265
2018-02-20,249
2018-02-21,283
2018-02-22,250
2018-02-23,312
2018-02-24,267
2018-02-25,248
2018-02-26,290
2018-02-27,272
2018-02-28,261
2018-03-01,307
2018-03-02,288
2018-03-03,306
2018-03-04,285
2018-03-05,237
2018-03-06,287
2018-03-07,271
2018-03-08,253
2018-03-09,257
2018-03-10,282
2018-03-11,273
2018-03-12,310
2018-03-13,259
2018-03-14,291
2018-03-15,268
2018-03-16,305
2018-03-17,304
2018-03-18,264
2018-03-19,269
2018-03-20,295
2018-03-21,247
2018-03-22,276
2018-03-23,252
2018-03-24,273
2018-03-25,237
2018-03-26,261
2018-03-27,260
2018-03-28,257
2018-03-29,280
2018-03-30,300
2018-03-31,280
2018-04-01,248
2018-04-02,244
2018-04-03,261
2018-04-04,266
2018-04-05,265
2018-04-06,304
2018-04-07,290
2018-04-08,254
2018-04-09,297
2018-04-10,290
2018-04-11,264
2018-04-12,250
2018-04-13,283
2018-04-14,268
2018-04-15,240
2018-04-16,252
2018-04-17,252
2018-04-18,250
2018-04-19,267
2018-04-20,301
2018-04-21,277
2018-04-22,276
2018-04-23,249
2018-04-24,280
2018-04-25,304
2018-04-26,258
2018-04-27,276
2018-04-28,286
2018-04-29,228
2018-04-30,245
2018-05-01,255
2018-05-02,289
2018-05-03,264
2018-05-04,295
2018-05-05,291
2018-05-06,272
2018-05-07,273
2018-05-08,318
2018-05-09,298
2018-05-10,272
2018-05-11,307
2018-05-12,302
2018-05-13,270
2018-05-14,292
2018-05-15,286
2018-05-16,286
2018-05-17,288
2018-05-18,272
2018-05-19,289
2018-05-20,271
2018-05-21,270
2018-05-22,286
2018-05-23,282
2018-05-24,243
2018-05-25,314
2018-05-26,270
2018-05-27,265
2018-05-28,263
2018-05-29,264
2018-05-30,285
2018-05-31,277
2018-06-01,283
2018-06-02,308
2018-06-03,270
2018-06-04,248
2018-06-05,298
2018-06-06,300
2018-06-07,268
2018-06-08,328
2018-06-09,272
2018-06-10,249
2018-06-11,310
2018-06-12,280
2018-06-13,291
2018-06-14,304
2018-06-15,301
2018-06-16,299
2018-06-17,294
2018-06-18,360
2018-06-19,286
2018-06-20,321
2018-06-21,301
2018-06-22,312
2018-06-23,312
2018-06-24,286
2018-06-25,275
2018-06-26,271
2018-06-27,300
2018-06-28,253
2018-06-29,282
2018-06-30,289
2018-07-01,273
2018-07-02,268
2018-07-03,294
2018-07-04,335
2018-07-05,341
2018-07-06,341
2018-07-07,285
2018-07-08,241
2018-07-09,279
2018-07-10,282
2018-07-11,338
2018-07-12,310
2018-07-13,315
2018-07-14,328
2018-07-15,299
2018-07-16,359
2018-07-17,338
2018-07-18,317
2018-07-19,287
2018-07-20,297
2018-07-21,316
2018-07-22,268
2018-07-23,291
2018-07-24,336
2018-07-25,288
2018-07-26,322
2018-07-27,307
2018-07-28,321
2018-07-29,290
2018-07-30,326
2018-07-31,311
2018-08-01,296
2018-08-02,253
2018-08-03,321
2018-08-04,288
2018-08-05,289
2018-08-06,282
2018-08-07,323
2018-08-08,347
2018-08-09,332
2018-08-10,337
2018-08-11,291
2018-08-12,294
2018-08-13,297
2018-08-14,270
2018-08-15,320
2018-08-16,259
2018-08-17,316
2018-08-18,269
2018-08-19,280
2018-08-20,277
2018-08-21,294
2018-08-22,299
2018-08-23,223
2018-08-24,261
2018-08-25,257
2018-08-26,250
2018-08-27,258
2018-08-28,258
2018-08-29,270
2018-08-30,297
2018-08-31,283
2018-09-01,280
2018-09-02,276
2018-09-03,243
2018-09-04,259
2018-09-05,315
2018-09-06,297
2018-09-07,298
2018-09-08,275
2018-09-09,258
2018-09-10,273
2018-09-11,258
2018-09-12,275
2018-09-13,273
2018-09-14,271
2018-09-15,265
2018-09-16,269
2018-09-17,262
2018-09-18,263
2018-09-19,293
2018-09-20,262
2018-09-21,298
2018-09-22,272
2018-09-23,261
2018-09-24,309
2018-09-25,279
2018-09-26,252
2018-09-27,251
2018-09-28,308
2018-09-29,280
2018-09-30,251
2018-10-01,259
2018-10-02,268
2018-10-03,274
2018-10-04,271
2018-10-05,317
2018-10-06,281
2018-10-07,237
2018-10-08,311
2018-10-09,259
2018-10-10,235
2018-10-11,316
2018-10-12,263
2018-10-13,310
2018-10-14,264
2018-10-15,264
2018-10-16,270
2018-10-17,280
2018-10-18,312
2018-10-19,272
2018-10-20,316
2018-10-21,227
2018-10-22,262
2018-10-23,212
2018-10-24,276
2018-10-25,226
2018-10-26,294
2018-10-27,316
2018-10-28,274
2018-10-29,265
2018-10-30,286
2018-10-31,265
2018-11-01,301
2018-11-02,281
2018-11-03,288
2018-11-04,253
2018-11-05,237
2018-11-06,279
2018-11-07,262
2018-11-08,309
2018-11-09,265
2018-11-10,257
2018-11-11,255
2018-11-12,259
2018-11-13,290
2018-11-14,263
2018-11-15,282
2018-11-16,277
2018-11-17,324
2018-11-18,253
2018-11-19,249
2018-11-20,259
2018-11-21,251
2018-11-22,237
2018-11-23,223
2018-11-24,234
2018-11-25,213
2018-11-26,250
2018-11-27,272
2018-11-28,266
2018-11-29,273
2018-11-30,267
2018-12-01,259
2018-12-02,274
2018-12-03,289
2018-12-04,280
2018-12-05,260
2018-12-06,250
2018-12-07,288
2018-12-08,283
2018-12-09,271
2018-12-10,271
2018-12-11,276
2018-12-12,241
2018-12-13,301
2018-12-14,307
2018-12-15,275
2018-12-16,268
2018-12-17,285
2018-12-18,242
2018-12-19,293
2018-12-20,268
2018-12-21,298
2018-12-22,275
2018-12-23,242
2018-12-24,257
2018-12-25,199
2018-12-26,224
2018-12-27,234
2018-12-28,243
2018-12-29,245
2018-12-30,263
2018-12-31,269
2019-01-01,283
2019-01-02,256
2019-01-03,268
2019-01-04,246
2019-01-05,276
2019-01-06,287
2019-01-07,288
2019-01-08,279
2019-01-09,278
2019-01-10,256
2019-01-11,305
2019-01-12,272
2019-01-13,299
2019-01-14,263
2019-01-15,263
2019-01-16,240
2019-01-17,257
2019-01-18,240
2019-01-19,290
2019-01-20,225
2019-01-21,267
2019-01-22,269
2019-01-23,275
2019-01-24,274
2019-01-25,294
2019-01-26,263
2019-01-27,245
2019-01-28,279
2019-01-29,266
2019-01-30,247
2019-01-31,260
2019-02-01,300
2019-02-02,268
2019-02-03,278
2019-02-04,321
2019-02-05,317
2019-02-06,341
2019-02-07,325
2019-02-08,327
2019-02-09,325
2019-02-10,292
2019-02-11,351
2019-02-12,290
2019-02-13,272
2019-02-14,289
2019-02-15,267
2019-02-16,246
2019-02-17,228
2019-02-18,262
2019-02-19,220
2019-02-20,284
2019-02-21,238
2019-02-22,244
2019-02-23,253
2019-02-24,233
2019-02-25,230
2019-02-26,266
2019-02-27,271
2019-02-28,275
2019-03-01,285
2019-03-02,256
2019-03-03,301
2019-03-04,309
2019-03-05,267
2019-03-06,285
2019-03-07,278
2019-03-08,302
2019-03-09,296
2019-03-10,304
2019-03-11,289
2019-03-12,292
2019-03-13,266
2019-03-14,264
2019-03-15,316
2019-03-16,285
2019-03-17,280
2019-03-18,293
2019-03-19,327
2019-03-20,315
2019-03-21,273
2019-03-22,271
2019-03-23,279
2019-03-24,230
2019-03-25,279
2019-03-26,262
2019-03-27,244
2019-03-28,272
2019-03-29,302
2019-03-30,275
2019-03-31,264
2019-04-01,293
2019-04-02,292
2019-04-03,280
2019-04-04,310
2019-04-05,282
2019-04-06,246
2019-04-07,239
2019-04-08,235
2019-04-09,266
2019-04-10,233
2019-04-11,273
2019-04-12,237
2019-04-13,248
2019-04-14,224
2019-04-15,273
2019-04-16,289
2019-04-17,291
2019-04-18,249
2019-04-19,267
2019-04-20,272
2019-04-21,215
2019-04-22,257
2019-04-23,209
2019-04-24,290
2019-04-25,267
2019-04-26,292
2019-04-27,274
2019-04-28,264
2019-04-29,274
2019-04-30,325
2019-05-01,284
2019-05-02,288
2019-05-03,331
2019-05-04,255
2019-05-05,287
2019-05-06,282
2019-05-07,284
2019-05-08,299
2019-05-09,288
2019-05-10,350
2019-05-11,293
2019-05-12,218
2019-05-13,279
2019-05-14,300
2019-05-15,272
2019-05-16,252
2019-05-17,266
2019-05-18,283
2019-05-19,231
2019-05-20,250
2019-05-21,258
2019-05-22,251
2019-05-23,305
2019-05-24,248
2019-05-25,273
2019-05-26,268
2019-05-27,273
2019-05-28,286
2019-05-29,270
2019-05-30,278
2019-05-31,301
2019-06-01,288
2019-06-02,284
2019-06-03,267
2019-06-04,275
2019-06-05,289
2019-06-06,312
2019-06-07,282
2019-06-08,266
2019-06-09,262
2019-06-10,273
2019-06-11,291
2019-06-12,349
2019-06-13,325
2019-06-14,295
2019-06-15,265
2019-06-16,266
2019-06-17,286
2019-06-18,283
2019-06-19,294
2019-06-20,285
2019-06-21,285
2019-06-22,249
2019-06-23,223
2019-06-24,275
2019-06-25,321
2019-06-26,281
2019-06-27,277
2019-06-28,304
2019-06-29,320
2019-06-30,317
2019-07-01,298
2019-07-02,276
2019-07-03,314
2019-07-04,308
2019-07-05,282
2019-07-06,280
2019-07-07,232
2019-07-08,292
2019-07-09,304
2019-07-10,317
2019-07-11,320
2019-07-12,270
2019-07-13,299
2019-07-14,333
2019-07-15,277
2019-07-16,298
2019-07-17,298
2019-07-18,270
2019-07-19,307
2019-07-20,308
2019-07-21,278
2019-07-22,291
2019-07-23,301
2019-07-24,292
2019-07-25,294
2019-07-26,302
2019-07-27,266
2019-07-28,255
2019-07-29,280
2019-07-30,321
2019-07-31,271
2019-08-01,314
2019-08-02,267
2019-08-03,248
2019-08-04,295
2019-08-05,308
2019-08-06,290
2019-08-07,318
2019-08-08,299
2019-08-09,267
2019-08-10,278
2019-08-11,259
2019-08-12,292
2019-08-13,296
2019-08-14,320
2019-08-15,299
2019-08-16,282
2019-08-17,290
2019-08-18,287
2019-08-19,274
2019-08-20,272
2019-08-21,272
2019-08-22,259
2019-08-23,285
2019-08-24,303
2019-08-25,261
2019-08-26,275
2019-08-27,251
2019-08-28,288
2019-08-29,309
2019-08-30,278
2019-08-31,267
2019-09-01,263
2019-09-02,243
2019-09-03,272
2019-09-04,313
2019-09-05,314
2019-09-06,284
2019-09-07,341
2019-09-08,244
2019-09-09,293
2019-09-10,270
2019-09-11,330
2019-09-12,292
2019-09-13,306
2019-09-14,254
2019-09-15,245
2019-09-16,256
2019-09-17,256
2019-09-18,287
2019-09-19,314
2019-09-20,314
2019-09-21,322
2019-09-22,317
2019-09-23,256
2019-09-24,301
2019-09-25,258
2019-09-26,334
2019-09-27,267
2019-09-28,300
2019-09-29,260
2019-09-30,270
2019-10-01,313
2019-10-02,273
2019-10-03,271
2019-10-04,299
2019-10-05,312
2019-10-06,247
2019-10-07,279
2019-10-08,222
